Unnamed: 0,Player,Unnamed: 2,Season,Unnamed: 4,Unnamed: 5,Unnamed: 6,Unnamed: 7,Playing Time,Playing Time.1,Playing Time.2,Playing Time.3,Playing Time.4,Playing Time.5,Performance,Performance.1,Performance.2,Performance.3,Performance.4,Performance.5,Performance.6,Performance.7,Performance.8,Performance.9,Performance.10,Performance.11,Performance.12,Performance.13,Performance.14,Performance.15,Unnamed: 30,-additional
13,Aaron Ramsdale,62,2019-2020,21,eng ENG,Bournemouth,eng Premier League,37,3330,37.0,37,0,0,0,1,1,0,0,0,0,62,187,124,69.5,9,7,21,5,13.5,GK,466fb2c5
10,Aaron Ramsdale,63,2020-2021,22,eng ENG,Sheffield Utd,eng Premier League,38,3420,38.0,38,0,0,0,0,0,0,0,0,0,63,206,145,70.9,7,2,29,5,13.2,GK,466fb2c5
77,Aaron Ramsdale,39,2021-2022,23,eng ENG,Arsenal,eng Premier League,34,3060,34.0,34,0,2,0,0,0,0,0,0,0,39,128,90,73.4,21,3,10,12,35.3,GK,466fb2c5
62,Aaron Ramsdale,43,2022-2023,24,eng ENG,Arsenal,eng Premier League,38,3420,38.0,38,0,0,0,0,0,0,0,0,0,43,136,94,70.6,26,6,6,14,36.8,GK,466fb2c5
186,Aaron Ramsdale,5,2023-2024,25,eng ENG,Arsenal,eng Premier League,6,540,6.0,6,0,31,0,0,0,0,0,0,0,5,14,9,64.3,5,1,0,2,33.3,GK,466fb2c5
316,Adam Davies,,2023-2024,31,wls WAL,Sheffield Utd,eng Premier League,0,,,0,0,18,,,,,,,,,,,,0,0,0,,,GK,71894777
164,Adrián,10,2019-2020,32,es ESP,Liverpool,eng Premier League,11,875,9.7,9,2,27,0,0,0,0,0,0,0,10,27,17,63.0,9,0,0,2,22.2,GK,f76e6b4e
169,Adrián,9,2020-2021,33,es ESP,Liverpool,eng Premier League,3,270,3.0,3,0,27,0,0,0,0,0,0,0,9,18,9,50.0,1,1,1,1,33.3,GK,f76e6b4e
60,Alex McCarthy,44,2018-2019,28,eng ENG,Southampton,eng Premier League,25,2250,25.0,25,0,8,0,0,0,0,0,0,0,44,119,78,64.7,5,8,12,4,16.0,GK,36c2ca73
86,Alex McCarthy,35,2019-2020,29,eng ENG,Southampton,eng Premier League,28,2520,28.0,28,0,8,0,0,0,0,0,0,0,35,113,78,69.9,13,5,10,7,25.0,GK,36c2ca73
23,Alex McCarthy,57,2020-2021,30,eng ENG,Southampton,eng Premier League,30,2700,30.0,30,0,7,0,0,0,0,0,0,0,57,147,91,65.3,8,7,15,7,23.3,GK,36c2ca73
113,Alex McCarthy,27,2021-2022,31,eng ENG,Southampton,eng Premier League,17,1530,17.0,17,0,1,0,0,0,0,0,0,0,27,71,44,62.0,3,7,7,5,29.4,GK,36c2ca73
147,Alex McCarthy,17,2022-2023,32,eng ENG,Southampton,eng Premier League,6,540,6.0,6,0,21,0,0,0,0,0,0,0,17,30,14,46.7,0,1,5,0,0.0,GK,36c2ca73
372,Alex Smithies,,2018-2019,28,eng ENG,Cardiff City,eng Premier League,0,,,0,0,26,,,,,,,,,,,,0,0,0,,,GK,bb91617c
373,Alex Smithies,,2022-2023,32,eng ENG,Leicester City,eng Premier League,0,,,0,0,3,,,,,,,,,,,,0,0,0,,,GK,bb91617c
278,Alfie Whiteman,,2018-2019,19,eng ENG,Tottenham,eng Premier League,0,,,0,0,2,,,,,,,,,,,,0,0,0,,,GK,3f2587ee
279,Alfie Whiteman,,2019-2020,20,eng ENG,Tottenham,eng Premier League,0,,,0,0,4,,,,,,,,,,,,0,0,0,,,GK,3f2587ee
280,Alfie Whiteman,,2023-2024,24,eng ENG,Tottenham,eng Premier League,0,,,0,0,1,,,,,,,,,,,,0,0,0,,,GK,3f2587ee
136,Alisson,22,2018-2019,25,br BRA,Liverpool,eng Premier League,38,3420,38.0,38,0,0,0,0,0,0,0,0,0,22,96,74,77.1,30,7,1,21,55.3,GK,7a2e46a8
133,Alisson,23,2019-2020,26,br BRA,Liverpool,eng Premier League,29,2543,28.3,29,0,0,0,1,1,0,0,0,0,23,80,58,72.5,23,3,3,13,44.8,GK,7a2e46a8
99,Alisson,32,2020-2021,27,br BRA,Liverpool,eng Premier League,33,2970,33.0,33,0,0,1,0,1,1,0,0,0,32,115,82,75.7,18,8,7,10,30.3,GK,7a2e46a8
127,Alisson,24,2021-2022,28,br BRA,Liverpool,eng Premier League,36,3240,36.0,36,0,0,0,1,1,0,0,0,0,24,99,76,75.8,27,7,2,20,55.6,GK,7a2e46a8
63,Alisson,43,2022-2023,29,br BRA,Liverpool,eng Premier League,37,3330,37.0,37,0,0,0,1,1,0,0,0,0,43,147,105,72.1,19,9,9,14,37.8,GK,7a2e46a8
106,Alisson,30,2023-2024,30,br BRA,Liverpool,eng Premier League,28,2520,28.0,28,0,0,0,0,0,0,0,0,0,30,109,80,73.4,16,8,4,8,28.6,GK,7a2e46a8
45,Alphonse Areola,48,2020-2021,27,fr FRA,Fulham,eng Premier League,36,3240,36.0,36,0,2,0,0,0,0,0,0,0,48,161,114,73.9,5,13,18,9,25.0,GK,2f965a72
220,Alphonse Areola,1,2021-2022,28,fr FRA,West Ham,eng Premier League,1,90,1.0,1,0,37,0,0,0,0,0,0,0,1,3,2,66.7,0,0,1,0,0.0,GK,2f965a72
175,Alphonse Areola,7,2022-2023,29,fr FRA,West Ham,eng Premier League,5,309,3.4,2,3,30,0,0,0,0,0,0,0,7,16,9,68.8,0,1,1,1,50.0,GK,2f965a72
36,Alphonse Areola,53,2023-2024,30,fr FRA,West Ham,eng Premier League,31,2699,30.0,31,0,2,0,0,0,0,0,0,0,53,188,136,74.5,11,9,11,4,12.9,GK,2f965a72
238,Altay Bayındır,,2023-2024,25,tr TUR,Manchester Utd,eng Premier League,0,,,0,0,33,,,,,,,,,,,,0,0,0,,,GK,072e68ed
286,Andreas Søndergaard,,2020-2021,19,dk DEN,Wolves,eng Premier League,0,,,0,0,3,,,,,,,,,,,,0,0,0,,,GK,43f9b4ba
22,André Onana,58,2023-2024,27,cm CMR,Manchester Utd,eng Premier League,38,3420,38.0,38,0,0,0,0,0,0,0,0,0,58,203,146,74.9,18,6,14,9,23.7,GK,e9c0c1b2
249,Andy Lonergan,,2019-2020,35,ie IRL,Liverpool,eng Premier League,0,,,0,0,2,,,,,,,,,,,,0,0,0,,,GK,165cf989
250,Andy Lonergan,,2020-2021,36,ie IRL,West Brom,eng Premier League,0,,,0,0,1,,,,,,,,,,,,0,0,0,,,GK,165cf989
251,Andy Lonergan,,2021-2022,37,ie IRL,Everton,eng Premier League,0,,,0,0,11,,,,,,,,,,,,0,0,0,,,GK,165cf989
252,Andy Lonergan,,2022-2023,38,ie IRL,Everton,eng Premier League,0,,,0,0,4,,,,,,,,,,,,0,0,0,,,GK,165cf989
253,Andy Lonergan,,2023-2024,39,ie IRL,Everton,eng Premier League,0,,,0,0,10,,,,,,,,,,,,0,0,0,,,GK,165cf989
146,Angus Gunn,18,2018-2019,22,sct SCO,Southampton,eng Premier League,12,1080,12.0,12,0,26,0,0,0,0,0,0,0,18,50,31,64.0,4,4,4,3,25.0,GK,e082af5b
126,Angus Gunn,25,2019-2020,23,sct SCO,Southampton,eng Premier League,10,900,10.0,10,0,28,0,0,0,0,0,0,0,25,55,30,58.2,2,2,6,2,20.0,GK,e082af5b
137,Angus Gunn,22,2021-2022,25,sct SCO,Norwich City,eng Premier League,9,810,9.0,9,0,29,0,0,0,0,0,0,0,22,57,34,64.9,1,2,6,1,11.1,GK,e082af5b
315,Archie Mair,,2019-2020,18,sct SCO,Norwich City,eng Premier League,0,,,0,0,2,,,,,,,,,,,,0,0,0,,,GK,70e9afd8
340,Arijanet Muric,,2018-2019,19,xk KVX,Manchester City,eng Premier League,0,,,0,0,36,,,,,,,,,,,,0,0,0,,,GK,99aa1a84
150,Arijanet Muric,16,2023-2024,24,xk KVX,Burnley,eng Premier League,10,900,10.0,10,0,25,0,0,0,0,0,0,0,16,78,62,80.8,2,4,4,0,0.0,GK,99aa1a84
321,Arthur Okonkwo,,2021-2022,19,eng ENG,Arsenal,eng Premier League,0,,,0,0,7,,,,,,,,,,,,0,0,0,,,GK,75834acc
145,Artur Boruc,18,2018-2019,38,pl POL,Bournemouth,eng Premier League,12,1080,12.0,12,0,26,0,0,0,0,0,0,0,18,56,38,73.2,4,3,5,4,33.3,GK,34ccf6fa
272,Artur Boruc,,2019-2020,39,pl POL,Bournemouth,eng Premier League,0,,,0,0,38,,,,,,,,,,,,0,0,0,,,GK,34ccf6fa
53,Asmir Begović,47,2018-2019,31,ba BIH,Bournemouth,eng Premier League,24,2160,24.0,24,0,12,0,0,0,0,0,0,0,47,104,59,56.7,8,3,13,5,20.8,GK,7b4de647
172,Asmir Begović,8,2021-2022,34,ba BIH,Everton,eng Premier League,3,270,3.0,3,0,35,0,0,0,0,0,0,0,8,18,11,61.1,1,0,2,1,33.3,GK,7b4de647
231,Asmir Begović,0,2022-2023,35,ba BIH,Everton,eng Premier League,1,90,1.0,1,0,37,0,0,0,0,0,0,0,0,4,4,100.0,1,0,0,1,100.0,GK,7b4de647
290,Bailey Peacock-Farrell,,2019-2020,22,nir NIR,Burnley,eng Premier League,0,,,0,0,9,,,,,,,,,,,,0,0,0,,,GK,4879f8cb
153,Bailey Peacock-Farrell,14,2020-2021,23,nir NIR,Burnley,eng Premier League,4,360,4.0,4,0,31,0,0,0,0,0,0,0,14,24,10,41.7,0,0,4,0,0.0,GK,4879f8cb
112,Bart Verbruggen,28,2023-2024,20,nl NED,Brighton,eng Premier League,21,1890,21.0,21,0,17,0,0,0,0,0,0,0,28,91,63,72.5,7,8,6,4,19.0,GK,cf134113
17,Ben Foster,59,2018-2019,35,eng ENG,Watford,eng Premier League,38,3420,38.0,38,0,0,0,0,0,0,0,0,0,59,180,123,69.4,14,8,16,7,18.4,GK,d0b3ceb9
9,Ben Foster,64,2019-2020,36,eng ENG,Watford,eng Premier League,38,3420,38.0,38,0,0,0,0,0,0,0,0,0,64,178,116,68.5,8,10,20,9,23.7,GK,d0b3ceb9
44,Ben Foster,49,2021-2022,38,eng ENG,Watford,eng Premier League,26,2340,26.0,26,0,2,0,1,1,0,0,0,0,49,116,67,60.3,5,5,16,4,15.4,GK,d0b3ceb9
141,Ben Hamer,21,2018-2019,30,eng ENG,Huddersfield,eng Premier League,7,552,6.1,7,0,26,0,0,0,0,0,0,0,21,42,22,57.1,0,1,6,0,0.0,GK,d822a850
66,Bernd Leno,42,2018-2019,26,de GER,Arsenal,eng Premier League,32,2836,31.5,31,1,6,0,0,0,0,0,0,0,42,145,104,75.9,16,7,8,7,22.6,GK,2628fd2b
75,Bernd Leno,39,2019-2020,27,de GER,Arsenal,eng Premier League,30,2649,29.4,30,0,0,0,0,0,0,0,0,0,39,151,111,78.1,9,13,8,7,23.3,GK,2628fd2b
83,Bernd Leno,37,2020-2021,28,de GER,Arsenal,eng Premier League,35,3131,34.8,35,0,2,0,0,0,0,0,0,0,37,117,83,69.2,17,6,12,11,31.4,GK,2628fd2b
165,Bernd Leno,9,2021-2022,29,de GER,Arsenal,eng Premier League,4,360,4.0,4,0,29,0,0,0,0,0,0,0,9,19,10,52.6,1,0,3,1,25.0,GK,2628fd2b
38,Bernd Leno,51,2022-2023,30,de GER,Fulham,eng Premier League,36,3240,36.0,36,0,2,0,0,0,0,0,0,0,51,192,142,77.1,15,5,16,8,22.2,GK,2628fd2b
15,Bernd Leno,61,2023-2024,31,de GER,Fulham,eng Premier League,38,3420,38.0,38,0,0,0,0,0,0,0,0,0,61,190,133,72.1,13,8,17,10,26.3,GK,2628fd2b
307,Brandon Austin,,2019-2020,20,eng ENG,Tottenham,eng Premier League,0,,,0,0,4,,,,,,,,,,,,0,0,0,,,GK,5e253986
308,Brandon Austin,,2021-2022,22,eng ENG,Tottenham,eng Premier League,0,,,0,0,4,,,,,,,,,,,,0,0,0,,,GK,5e253986
309,Brandon Austin,,2022-2023,23,eng ENG,Tottenham,eng Premier League,0,,,0,0,15,,,,,,,,,,,,0,0,0,,,GK,5e253986
310,Brandon Austin,,2023-2024,24,eng ENG,Tottenham,eng Premier League,0,,,0,0,18,,,,,,,,,,,,0,0,0,,,GK,5e253986
288,Brian Murphy,,2018-2019,35,ie IRL,Cardiff City,eng Premier League,0,,,0,0,12,,,,,,,,,,,,0,0,0,,,GK,47e0ce24
341,Callan Mckenna,,2023-2024,16,sct SCO,Bournemouth,eng Premier League,0,,,0,0,3,,,,,,,,,,,,0,0,0,,,GK,9d316492
330,Cameron Plain,,2022-2023,20,eng ENG,Bournemouth,eng Premier League,0,,,0,0,6,,,,,,,,,,,,0,0,0,,,GK,8c45f10e
311,Caoimhín Kelleher,,2019-2020,20,ie IRL,Liverpool,eng Premier League,0,,,0,0,7,,,,,,,,,,,,0,0,0,,,GK,62d7ef38
223,Caoimhín Kelleher,1,2020-2021,21,ie IRL,Liverpool,eng Premier League,2,180,2.0,2,0,13,0,0,0,0,0,0,0,1,7,6,85.7,1,0,1,1,50.0,GK,62d7ef38
214,Caoimhín Kelleher,2,2021-2022,22,ie IRL,Liverpool,eng Premier League,2,180,2.0,2,0,34,0,0,0,0,0,0,0,2,8,6,75.0,1,1,0,1,50.0,GK,62d7ef38
197,Caoimhín Kelleher,4,2022-2023,23,ie IRL,Liverpool,eng Premier League,1,90,1.0,1,0,28,0,0,0,0,0,0,0,4,10,6,60.0,0,1,0,0,0.0,GK,62d7ef38
160,Caoimhín Kelleher,11,2023-2024,24,ie IRL,Liverpool,eng Premier League,10,900,10.0,10,0,27,0,0,0,0,0,0,0,11,38,28,71.1,8,2,0,2,20.0,GK,62d7ef38
384,Christian Walton,,2020-2021,24,eng ENG,Brighton,eng Premier League,0,,,0,0,8,,,,,,,,,,,,0,0,0,,,GK,c666574f
237,Cieran Slicker,,2021-2022,18,sct SCO,Manchester City,eng Premier League,0,,,0,0,3,,,,,,,,,,,,0,0,0,,,GK,02aed921
244,Claudio Bravo,,2018-2019,35,cl CHI,Manchester City,eng Premier League,0,,,0,0,2,,,,,,,,,,,,0,0,0,,,GK,10072610
174,Claudio Bravo,7,2019-2020,36,cl CHI,Manchester City,eng Premier League,4,347,3.9,3,1,27,0,0,0,0,0,0,0,7,15,8,53.3,2,0,1,1,33.3,GK,10072610
108,Daniel Bachmann,28,2021-2022,27,at AUT,Watford,eng Premier League,12,1080,12.0,12,0,25,0,0,0,0,0,0,0,28,72,46,65.3,1,0,11,0,0.0,GK,1c0eea98
202,Daniel Bentley,3,2022-2023,29,eng ENG,Wolves,eng Premier League,2,180,2.0,2,0,16,0,0,0,0,0,0,0,3,13,10,76.9,0,1,1,0,0.0,GK,68db6358
177,Daniel Bentley,7,2023-2024,30,eng ENG,Wolves,eng Premier League,5,383,4.3,3,2,33,0,0,0,0,0,0,0,7,15,8,53.3,1,0,2,1,33.3,GK,68db6358
135,Daniel Iversen,22,2022-2023,25,dk DEN,Leicester City,eng Premier League,12,1080,12.0,12,0,26,0,0,0,0,0,0,0,22,59,38,66.1,2,4,6,1,8.3,GK,10d221cd
240,Daniel Langley,,2020-2021,19,eng ENG,Newcastle Utd,eng Premier League,0,,,0,0,1,,,,,,,,,,,,0,0,0,,,GK,096d1e60
394,Danny Ward,,2018-2019,25,wls WAL,Leicester City,eng Premier League,0,,,0,0,38,,,,,,,,,,,,0,0,0,,,GK,d3ce0e89
395,Danny Ward,,2019-2020,26,wls WAL,Leicester City,eng Premier League,0,,,0,0,38,,,,,,,,,,,,0,0,0,,,GK,d3ce0e89
396,Danny Ward,,2020-2021,27,wls WAL,Leicester City,eng Premier League,0,,,0,0,38,,,,,,,,,,,,0,0,0,,,GK,d3ce0e89
226,Danny Ward,1,2021-2022,28,wls WAL,Leicester City,eng Premier League,1,90,1.0,1,0,31,0,0,0,0,0,0,0,1,5,4,80.0,1,0,0,0,0.0,GK,d3ce0e89
58,Danny Ward,46,2022-2023,29,wls WAL,Leicester City,eng Premier League,26,2340,26.0,26,0,9,0,0,0,0,0,0,0,46,119,75,63.0,7,3,16,6,23.1,GK,d3ce0e89
187,Darren Randolph,5,2019-2020,32,ie IRL,West Ham,eng Premier League,2,180,2.0,2,0,15,0,0,0,0,0,0,0,5,11,6,63.6,0,1,1,0,0.0,GK,6385ebfb
201,Darren Randolph,3,2020-2021,33,ie IRL,West Ham,eng Premier League,3,270,3.0,3,0,24,0,0,0,0,0,0,0,3,9,6,66.7,2,0,1,1,33.3,GK,6385ebfb
312,Darren Randolph,,2021-2022,34,ie IRL,West Ham,eng Premier League,0,,,0,0,3,,,,,,,,,,,,0,0,0,,,GK,6385ebfb
313,Darren Randolph,,2022-2023,35,ie IRL,2 Teams,eng Premier League,0,,,0,0,11,,,,,,,,,,,,0,0,0,,,GK,6385ebfb
314,Darren Randolph,,2023-2024,36,ie IRL,Bournemouth,eng Premier League,0,,,0,0,1,,,,,,,,,,,,0,0,0,,,GK,6385ebfb
192,David Button,5,2018-2019,29,eng ENG,Brighton,eng Premier League,4,360,4.0,4,0,25,0,0,0,0,0,0,0,5,18,13,83.3,1,1,2,1,25.0,GK,e608ed4c
217,David Button,2,2020-2021,31,eng ENG,West Brom,eng Premier League,1,90,1.0,1,0,37,0,0,0,0,0,0,0,2,6,4,66.7,1,0,0,0,0.0,GK,e608ed4c
180,David Martin,6,2019-2020,33,eng ENG,West Ham,eng Premier League,5,436,4.8,4,1,8,0,0,0,0,0,0,0,6,21,15,71.4,2,0,2,2,50.0,GK,07666c20
239,David Martin,,2020-2021,34,eng ENG,West Ham,eng Premier League,0,,,0,0,15,,,,,,,,,,,,0,0,0,,,GK,07666c20
117,David Raya,27,2021-2022,25,es ESP,Brentford,eng Premier League,24,2160,24.0,24,0,0,0,0,0,0,0,0,0,27,103,76,77.7,10,5,9,8,33.3,GK,98ea5115
57,David Raya,46,2022-2023,26,es ESP,Brentford,eng Premier League,38,3420,38.0,38,0,0,0,0,0,0,0,0,0,46,197,154,77.7,15,14,9,12,31.6,GK,98ea5115
128,David Raya,24,2023-2024,27,es ESP,Arsenal,eng Premier League,32,2880,32.0,32,0,3,0,0,0,0,0,0,0,24,69,45,68.1,23,4,5,16,50.0,GK,98ea5115
34,David de Gea,54,2018-2019,27,es ESP,Manchester Utd,eng Premier League,38,3420,38.0,38,0,0,0,0,0,0,0,0,0,54,171,120,71.9,19,9,10,7,18.4,GK,7ba6d84e
85,David de Gea,36,2019-2020,28,es ESP,Manchester Utd,eng Premier League,38,3420,38.0,38,0,0,0,0,0,0,0,0,0,36,131,96,74.8,18,12,8,13,34.2,GK,7ba6d84e
100,David de Gea,32,2020-2021,29,es ESP,Manchester Utd,eng Premier League,26,2295,25.5,26,0,7,0,0,0,0,0,0,0,32,90,59,68.9,12,9,5,9,34.6,GK,7ba6d84e
25,David de Gea,57,2021-2022,30,es ESP,Manchester Utd,eng Premier League,38,3420,38.0,38,0,0,0,0,0,0,0,0,0,57,180,124,70.0,16,10,12,8,21.1,GK,7ba6d84e
64,David de Gea,43,2022-2023,31,es ESP,Manchester Utd,eng Premier League,38,3420,38.0,38,0,0,0,0,0,0,0,0,0,43,142,99,71.1,23,6,9,17,44.7,GK,7ba6d84e
96,Dean Henderson,33,2019-2020,22,eng ENG,Sheffield Utd,eng Premier League,36,3240,36.0,36,0,0,0,0,0,0,0,0,0,33,128,94,75.0,14,11,11,13,36.1,GK,e5a76dfe
159,Dean Henderson,12,2020-2021,23,eng ENG,Manchester Utd,eng Premier League,13,1125,12.5,12,1,25,0,0,0,0,0,0,0,12,51,39,76.5,9,2,1,4,33.3,GK,e5a76dfe
104,Dean Henderson,31,2022-2023,25,eng ENG,Nott'ham Forest,eng Premier League,18,1620,18.0,18,0,0,0,0,0,0,0,0,0,31,85,52,65.9,5,5,8,6,33.3,GK,e5a76dfe
107,Dean Henderson,30,2023-2024,26,eng ENG,2 Teams,eng Premier League,18,1620,18.0,18,0,10,0,0,0,0,0,0,0,30,86,57,66.3,8,4,6,4,22.2,GK,e5a76dfe
386,Dermot Mee,,2023-2024,20,nir NIR,Manchester Utd,eng Premier League,0,,,0,0,1,,,,,,,,,,,,0,0,0,,,GK,caa32820
326,Eddie Beach,,2023-2024,19,wls WAL,Chelsea,eng Premier League,0,,,0,0,2,,,,,,,,,,,,0,0,0,,,GK,7cbd6d68
132,Ederson,23,2018-2019,24,br BRA,Manchester City,eng Premier League,38,3420,38.0,38,0,0,0,1,1,0,0,0,0,23,81,58,76.5,32,2,4,20,52.6,GK,3bb7b8b4
109,Ederson,28,2019-2020,25,br BRA,Manchester City,eng Premier League,35,3071,34.1,35,0,0,0,0,0,0,0,0,0,28,95,68,73.7,24,3,8,16,45.7,GK,3bb7b8b4
110,Ederson,28,2020-2021,26,br BRA,Manchester City,eng Premier League,36,3240,36.0,36,0,0,0,1,1,0,0,0,0,28,93,65,77.4,25,5,6,19,52.8,GK,3bb7b8b4
120,Ederson,26,2021-2022,27,br BRA,Manchester City,eng Premier League,37,3330,37.0,37,0,0,0,0,0,0,0,0,0,26,83,57,69.9,28,6,3,20,54.1,GK,3bb7b8b4
97,Ederson,32,2022-2023,28,br BRA,Manchester City,eng Premier League,35,3150,35.0,35,0,3,0,1,1,0,0,0,0,32,77,46,62.3,26,4,5,11,31.4,GK,3bb7b8b4
114,Ederson,27,2023-2024,29,br BRA,Manchester City,eng Premier League,33,2785,30.9,33,0,2,0,0,0,0,0,0,0,27,82,56,70.7,24,6,3,10,30.3,GK,3bb7b8b4
123,Edouard Mendy,25,2020-2021,28,sn SEN,Chelsea,eng Premier League,31,2745,30.5,31,0,3,0,0,0,0,0,0,0,25,81,56,71.6,17,7,7,16,51.6,GK,33887998
103,Edouard Mendy,31,2021-2022,29,sn SEN,Chelsea,eng Premier League,34,3060,34.0,34,0,0,0,0,0,0,0,0,0,31,102,72,75.5,19,10,5,14,41.2,GK,33887998
152,Edouard Mendy,14,2022-2023,30,sn SEN,Chelsea,eng Premier League,10,855,9.5,9,1,13,0,0,0,0,0,0,0,14,39,25,64.1,3,2,4,1,11.1,GK,33887998
245,Eldin Jakupović,,2021-2022,36,ch SUI,Leicester City,eng Premier League,0,,,0,0,9,,,,,,,,,,,,0,0,0,,,GK,1148323a
246,Eldin Jakupović,,2022-2023,37,ch SUI,Everton,eng Premier League,0,,,0,0,1,,,,,,,,,,,,0,0,0,,,GK,1148323a
339,Elia Caprile,,2020-2021,18,it ITA,Leeds United,eng Premier League,0,,,0,0,5,,,,,,,,,,,,0,0,0,,,GK,97d7afbd
324,Emiliano Martínez,,2018-2019,25,ar ARG,Arsenal,eng Premier League,0,,,0,0,2,,,,,,,,,,,,0,0,0,,,GK,7956236f
167,Emiliano Martínez,9,2019-2020,26,ar ARG,Arsenal,eng Premier League,9,771,8.6,8,1,29,0,0,0,0,0,0,0,9,42,33,81.0,5,1,2,3,37.5,GK,7956236f
55,Emiliano Martínez,46,2020-2021,27,ar ARG,Aston Villa,eng Premier League,38,3420,38.0,38,0,0,0,0,0,0,0,0,0,46,186,133,78.0,16,7,15,15,39.5,GK,7956236f
49,Emiliano Martínez,48,2021-2022,28,ar ARG,Aston Villa,eng Premier League,36,3240,36.0,36,0,0,0,0,0,0,0,0,0,48,140,93,68.6,13,6,17,11,30.6,GK,7956236f
82,Emiliano Martínez,38,2022-2023,29,ar ARG,Aston Villa,eng Premier League,36,3139,34.9,36,0,1,0,0,0,0,0,0,0,38,132,97,74.2,17,7,12,11,30.6,GK,7956236f
48,Emiliano Martínez,48,2023-2024,30,ar ARG,Aston Villa,eng Premier League,34,3015,33.5,34,0,0,0,0,0,0,0,0,0,48,139,95,66.2,19,8,7,8,23.5,GK,7956236f
281,Ethan Horvath,,2023-2024,28,us USA,Nott'ham Forest,eng Premier League,0,,,0,0,4,,,,,,,,,,,,0,0,0,,,GK,3f65d5ce
332,Fabian Mrozek,,2023-2024,19,pl POL,Liverpool,eng Premier League,0,,,0,0,1,,,,,,,,,,,,0,0,0,,,GK,927eecf9
191,Fabricio,5,2018-2019,30,es ESP,Fulham,eng Premier League,2,180,2.0,2,0,17,0,0,0,0,0,0,0,5,21,16,76.2,0,0,2,0,0.0,GK,af245161
362,Fabricio,,2020-2021,32,es ESP,Fulham,eng Premier League,0,,,0,0,8,,,,,,,,,,,,0,0,0,,,GK,af245161
352,Filip Marschall,,2021-2022,18,eng ENG,Aston Villa,eng Premier League,0,,,0,0,1,,,,,,,,,,,,0,0,0,,,GK,a79abd8b
353,Filip Marschall,,2022-2023,19,eng ENG,Aston Villa,eng Premier League,0,,,0,0,1,,,,,,,,,,,,0,0,0,,,GK,a79abd8b
354,Filip Marschall,,2023-2024,20,eng ENG,Aston Villa,eng Premier League,0,,,0,0,10,,,,,,,,,,,,0,0,0,,,GK,a79abd8b
205,Fraser Forster,3,2018-2019,30,eng ENG,Southampton,eng Premier League,1,90,1.0,1,0,4,0,0,0,0,0,0,0,3,6,3,50.0,0,0,1,0,0.0,GK,c3e39f12
382,Fraser Forster,,2019-2020,31,eng ENG,Southampton,eng Premier League,0,,,0,0,1,,,,,,,,,,,,0,0,0,,,GK,c3e39f12
161,Fraser Forster,11,2020-2021,32,eng ENG,Southampton,eng Premier League,8,720,8.0,8,0,30,0,0,0,0,0,0,0,11,31,19,71.0,4,0,4,2,25.0,GK,c3e39f12
89,Fraser Forster,35,2021-2022,33,eng ENG,Southampton,eng Premier League,19,1710,19.0,19,0,14,0,0,0,0,0,0,0,35,101,68,67.3,6,5,8,3,15.8,GK,c3e39f12
129,Fraser Forster,24,2022-2023,34,eng ENG,Tottenham,eng Premier League,14,1215,13.5,13,1,24,0,0,0,0,0,0,0,24,55,30,60.0,5,3,5,3,23.1,GK,c3e39f12
383,Fraser Forster,,2023-2024,35,eng ENG,Tottenham,eng Premier League,0,,,0,0,23,,,,,,,,,,,,0,0,0,,,GK,c3e39f12
255,Freddie Woodman,,2018-2019,21,eng ENG,Newcastle Utd,eng Premier League,0,,,0,0,15,,,,,,,,,,,,0,0,0,,,GK,19e50035
157,Freddie Woodman,12,2021-2022,24,eng ENG,Newcastle Utd,eng Premier League,4,360,4.0,4,0,1,0,0,0,0,0,0,0,12,22,9,54.5,0,1,3,0,0.0,GK,19e50035
28,Gavin Bazunu,56,2022-2023,20,ie IRL,Southampton,eng Premier League,32,2880,32.0,32,0,6,0,0,0,0,0,0,0,56,120,67,54.2,6,6,20,4,12.5,GK,c91441dc
306,George Shelvey,,2022-2023,21,eng ENG,Nott'ham Forest,eng Premier League,0,,,0,0,2,,,,,,,,,,,,0,0,0,,,GK,5ab61aea
16,Guglielmo Vicario,61,2023-2024,26,it ITA,Tottenham,eng Premier League,38,3420,38.0,38,0,0,0,0,0,0,0,0,0,61,167,109,67.7,20,6,12,7,18.4,GK,77d6fd4d
379,Harry Lewis,,2019-2020,21,eng ENG,Southampton,eng Premier League,0,,,0,0,1,,,,,,,,,,,,0,0,0,,,GK,c35e99d8
380,Harry Lewis,,2020-2021,22,eng ENG,Southampton,eng Premier League,0,,,0,0,2,,,,,,,,,,,,0,0,0,,,GK,c35e99d8
381,Harry Lewis,,2021-2022,23,eng ENG,Southampton,eng Premier League,0,,,0,0,4,,,,,,,,,,,,0,0,0,,,GK,c35e99d8
363,Harry Tyrer,,2020-2021,18,eng ENG,Everton,eng Premier League,0,,,0,0,5,,,,,,,,,,,,0,0,0,,,GK,af49fb14
364,Harry Tyrer,,2021-2022,19,eng ENG,Everton,eng Premier League,0,,,0,0,2,,,,,,,,,,,,0,0,0,,,GK,af49fb14
398,Heurelho Gomes,,2018-2019,37,br BRA,Watford,eng Premier League,0,,,0,0,38,,,,,,,,,,,,0,0,0,,,GK,d596e193
399,Heurelho Gomes,,2019-2020,38,br BRA,Watford,eng Premier League,0,,,0,0,38,,,,,,,,,,,,0,0,0,,,GK,d596e193
94,Hugo Lloris,33,2018-2019,31,fr FRA,Tottenham,eng Premier League,33,2970,33.0,33,0,0,0,0,0,0,0,0,0,33,130,98,76.9,21,2,10,12,36.4,GK,8f62b6ee
139,Hugo Lloris,21,2019-2020,32,fr FRA,Tottenham,eng Premier League,21,1807,20.1,21,0,0,0,0,0,0,0,0,0,21,99,78,80.8,11,6,4,6,28.6,GK,8f62b6ee
59,Hugo Lloris,45,2020-2021,33,fr FRA,Tottenham,eng Premier League,38,3420,38.0,38,0,0,0,0,0,0,0,0,0,45,155,113,77.4,18,8,12,12,31.6,GK,8f62b6ee
73,Hugo Lloris,40,2021-2022,34,fr FRA,Tottenham,eng Premier League,38,3420,38.0,38,0,0,0,0,0,0,0,0,0,40,137,98,72.3,22,5,11,16,42.1,GK,8f62b6ee
79,Hugo Lloris,39,2022-2023,35,fr FRA,Tottenham,eng Premier League,25,2205,24.5,25,0,1,0,0,0,0,0,0,0,39,117,79,67.5,13,3,9,7,28.0,GK,8f62b6ee
305,Hákon Valdimarsson,,2023-2024,21,is ISL,Brentford,eng Premier League,0,,,0,0,4,,,,,,,,,,,,0,0,0,,,GK,57a34cf4
37,Illan Meslier,52,2020-2021,20,fr FRA,Leeds United,eng Premier League,35,3150,35.0,35,0,2,0,0,0,0,0,0,0,52,188,137,76.6,16,5,14,11,31.4,GK,6b625ac2
2,Illan Meslier,79,2021-2022,21,fr FRA,Leeds United,eng Premier League,38,3384,37.6,38,0,0,0,0,0,0,0,0,0,79,220,142,66.4,9,11,18,5,13.2,GK,6b625ac2
7,Illan Meslier,67,2022-2023,22,fr FRA,Leeds United,eng Premier League,34,3060,34.0,34,0,4,0,0,0,0,0,0,0,67,158,92,59.5,7,9,18,5,14.7,GK,6b625ac2
176,Ionuț Radu,7,2023-2024,26,ro ROU,Bournemouth,eng Premier League,2,180,2.0,2,0,11,0,0,0,0,0,0,0,7,11,4,36.4,1,0,1,0,0.0,GK,67f649be
124,Ivo Grbić,25,2023-2024,27,hr CRO,Sheffield Utd,eng Premier League,9,771,8.6,9,0,5,0,0,0,0,0,0,0,25,59,36,57.6,0,3,6,0,0.0,GK,3f034750
216,Jack Butland,2,2020-2021,27,eng ENG,Crystal Palace,eng Premier League,1,90,1.0,1,0,30,0,0,0,0,0,0,0,2,5,3,60.0,1,0,0,0,0.0,GK,cc70a1d5
154,Jack Butland,13,2021-2022,28,eng ENG,Crystal Palace,eng Premier League,9,765,8.5,8,1,29,0,0,0,0,0,0,0,13,28,16,53.6,2,4,2,1,12.5,GK,cc70a1d5
389,Jack Butland,,2022-2023,29,eng ENG,2 Teams,eng Premier League,0,,,0,0,14,,,,,,,,,,,,0,0,0,,,GK,cc70a1d5
302,Jake Eastwood,,2019-2020,22,eng ENG,Sheffield Utd,eng Premier League,0,,,0,0,1,,,,,,,,,,,,0,0,0,,,GK,54d9b72d
337,Jakub Ojrzynski,,2020-2021,17,pl POL,Liverpool,eng Premier League,0,,,0,0,1,,,,,,,,,,,,0,0,0,,,GK,94e5390a
236,James Shea,0,2023-2024,32,eng ENG,Luton Town,eng Premier League,1,15,0.2,0,1,13,0,0,0,0,0,0,0,0,2,2,100.0,0,0,0,0,,GK,ee7c0a5e
264,James Storer,,2021-2022,19,eng ENG,Wolves,eng Premier League,0,,,0,0,1,,,,,,,,,,,,0,0,0,,,GK,257b20e1
265,James Trafford,,2020-2021,17,eng ENG,Manchester City,eng Premier League,0,,,0,0,1,,,,,,,,,,,,0,0,0,,,GK,259fea27
12,James Trafford,62,2023-2024,20,eng ENG,Burnley,eng Premier League,28,2520,28.0,28,0,8,0,0,0,0,0,0,0,62,166,106,65.7,3,5,20,2,7.1,GK,259fea27
335,James Wright,,2022-2023,17,eng ENG,Aston Villa,eng Premier League,0,,,0,0,1,,,,,,,,,,,,0,0,0,,,GK,9417a430
336,James Wright,,2023-2024,18,eng ENG,Aston Villa,eng Premier League,0,,,0,0,3,,,,,,,,,,,,0,0,0,,,GK,9417a430
267,Jason Steele,,2018-2019,27,eng ENG,Brighton,eng Premier League,0,,,0,0,13,,,,,,,,,,,,0,0,0,,,GK,28300a16
268,Jason Steele,,2020-2021,29,eng ENG,Brighton,eng Premier League,0,,,0,0,30,,,,,,,,,,,,0,0,0,,,GK,28300a16
210,Jason Steele,2,2021-2022,30,eng ENG,Brighton,eng Premier League,1,90,1.0,1,0,32,0,0,0,0,0,0,0,2,5,3,60.0,0,0,1,0,0.0,GK,28300a16
131,Jason Steele,23,2022-2023,31,eng ENG,Brighton,eng Premier League,15,1350,15.0,15,0,22,0,1,1,0,0,0,0,23,57,36,61.4,7,3,5,6,40.0,GK,28300a16
90,Jason Steele,34,2023-2024,32,eng ENG,Brighton,eng Premier League,17,1530,17.0,17,0,21,0,0,0,0,0,0,0,34,74,42,58.1,5,4,8,2,11.8,GK,28300a16
356,Jed Steer,,2019-2020,26,eng ENG,Aston Villa,eng Premier League,1,7,0.1,1,0,12,0,0,0,0,0,0,0,,,,,,,1,,,GK,a8a3d139
357,Jed Steer,,2020-2021,27,eng ENG,Aston Villa,eng Premier League,0,,,0,0,15,,,,,,,,,,,,0,0,0,,,GK,a8a3d139
204,Jed Steer,3,2021-2022,28,eng ENG,Aston Villa,eng Premier League,1,90,1.0,1,0,18,0,0,0,0,0,0,0,3,4,1,25.0,0,0,1,0,0.0,GK,a8a3d139
328,Joe Daniel Tupper,,2018-2019,20,eng ENG,Crystal Palace,eng Premier League,0,,,0,0,1,,,,,,,,,,,,0,0,0,,,GK,7d675f6f
303,Joe Gauci,,2023-2024,23,au AUS,Aston Villa,eng Premier League,0,,,0,0,5,,,,,,,,,,,,0,0,0,,,GK,5600c774
71,Joe Hart,41,2018-2019,31,eng ENG,Burnley,eng Premier League,19,1710,19.0,19,0,19,0,0,0,0,0,0,0,41,116,75,65.5,3,3,13,4,21.1,GK,cb4f24c6
387,Joe Hart,,2019-2020,32,eng ENG,Burnley,eng Premier League,0,,,0,0,29,,,,,,,,,,,,0,0,0,,,GK,cb4f24c6
388,Joe Hart,,2020-2021,33,eng ENG,Tottenham,eng Premier League,0,,,0,0,38,,,,,,,,,,,,0,0,0,,,GK,cb4f24c6
224,Joel Coleman,1,2018-2019,22,eng ENG,Huddersfield,eng Premier League,1,90,1.0,1,0,7,0,0,0,0,0,0,0,1,3,2,66.7,0,1,0,0,0.0,GK,b73e459a
162,Joel Robles,11,2022-2023,32,es ESP,Leeds United,eng Premier League,4,360,4.0,4,0,23,0,0,0,0,0,0,0,11,27,16,66.7,0,1,3,0,0.0,GK,cda0b317
235,John Ruddy,0,2018-2019,31,eng ENG,Wolves,eng Premier League,1,90,1.0,1,0,36,0,0,0,0,0,0,0,0,3,3,100.0,1,0,0,1,100.0,GK,da8b19e2
227,John Ruddy,1,2020-2021,33,eng ENG,Wolves,eng Premier League,2,91,1.0,1,1,36,0,0,0,0,0,0,0,1,4,3,75.0,0,0,1,0,0.0,GK,da8b19e2
206,John Ruddy,3,2021-2022,34,eng ENG,Wolves,eng Premier League,2,135,1.5,1,1,36,0,0,0,0,0,0,0,3,7,4,57.1,0,1,0,0,0.0,GK,da8b19e2
287,Jon McCracken,,2021-2022,21,sct SCO,Norwich City,eng Premier League,0,,,0,0,1,,,,,,,,,,,,0,0,0,,,GK,47188db7
35,Jonas Lössl,54,2018-2019,29,dk DEN,Huddersfield,eng Premier League,31,2778,30.9,30,1,3,0,1,1,0,0,0,0,54,141,86,64.5,3,5,22,5,16.7,GK,939bc634
333,Jonas Lössl,,2019-2020,30,dk DEN,Everton,eng Premier League,0,,,0,0,13,,,,,,,,,,,,0,0,0,,,GK,939bc634
334,Jonas Lössl,,2020-2021,31,dk DEN,Everton,eng Premier League,0,,,0,0,8,,,,,,,,,,,,0,0,0,,,GK,939bc634
189,Jonas Lössl,5,2021-2022,32,dk DEN,Brentford,eng Premier League,2,180,2.0,2,0,10,0,0,0,0,0,0,0,5,7,2,28.6,0,0,2,0,0.0,GK,939bc634
296,Jordan Amissah,,2023-2024,21,gh GHA,Sheffield Utd,eng Premier League,0,,,0,0,6,,,,,,,,,,,,0,0,0,,,GK,50fc4c0a
54,Jordan Pickford,46,2018-2019,24,eng ENG,Everton,eng Premier League,38,3420,38.0,38,0,0,0,0,0,0,0,0,0,46,136,89,67.6,15,9,14,14,36.8,GK,4806ec67
26,Jordan Pickford,56,2019-2020,25,eng ENG,Everton,eng Premier League,38,3420,38.0,38,0,0,0,0,0,0,0,0,0,56,147,94,63.9,13,10,15,9,23.7,GK,4806ec67
78,Jordan Pickford,39,2020-2021,26,eng ENG,Everton,eng Premier League,31,2742,30.5,31,0,2,0,0,0,0,0,0,0,39,128,90,71.1,15,5,11,10,32.3,GK,4806ec67
19,Jordan Pickford,58,2021-2022,27,eng ENG,Everton,eng Premier League,35,3150,35.0,35,0,0,0,0,0,0,0,0,0,58,170,116,66.5,10,6,19,7,20.0,GK,4806ec67
24,Jordan Pickford,57,2022-2023,28,eng ENG,Everton,eng Premier League,37,3330,37.0,37,0,0,0,1,1,0,0,0,0,57,181,123,71.3,7,12,18,8,21.6,GK,4806ec67
39,Jordan Pickford,51,2023-2024,29,eng ENG,Everton,eng Premier League,38,3420,38.0,38,0,0,0,0,0,0,0,0,0,51,165,117,73.9,13,9,16,13,34.2,GK,4806ec67
393,Jordan Smith,,2022-2023,27,eng ENG,Nott'ham Forest,eng Premier League,0,,,0,0,2,,,,,,,,,,,,0,0,0,,,GK,cfca9c4e
260,Joseph Anang,,2019-2020,19,gh GHA,West Ham,eng Premier League,0,,,0,0,1,,,,,,,,,,,,0,0,0,,,GK,21a866b7
261,Joseph Anang,,2022-2023,22,gh GHA,West Ham,eng Premier League,0,,,0,0,7,,,,,,,,,,,,0,0,0,,,GK,21a866b7
262,Joseph Anang,,2023-2024,23,gh GHA,West Ham,eng Premier League,0,,,0,0,7,,,,,,,,,,,,0,0,0,,,GK,21a866b7
185,Joseph Whitworth,5,2022-2023,18,eng ENG,Crystal Palace,eng Premier League,2,180,2.0,2,0,12,0,0,0,0,0,0,0,5,10,5,50.0,0,0,2,0,0.0,GK,3f847d95
283,Joseph Whitworth,,2023-2024,19,eng ENG,Crystal Palace,eng Premier League,0,,,0,0,1,,,,,,,,,,,,0,0,0,,,GK,3f847d95
74,José Sá,40,2021-2022,28,pt POR,Wolves,eng Premier League,37,3285,36.5,37,0,1,0,1,1,0,0,0,0,40,160,121,80.6,15,5,17,11,29.7,GK,903b6e8b
30,José Sá,55,2022-2023,29,pt POR,Wolves,eng Premier League,36,3240,36.0,36,0,2,0,0,0,0,0,0,0,55,161,105,67.1,11,7,18,11,30.6,GK,903b6e8b
21,José Sá,58,2023-2024,30,pt POR,Wolves,eng Premier League,35,3037,33.7,35,0,0,0,1,1,0,0,0,0,58,188,131,73.4,12,7,16,4,11.4,GK,903b6e8b
317,João Virgínia,,2019-2020,19,pt POR,Everton,eng Premier League,0,,,0,0,8,,,,,,,,,,,,0,0,0,,,GK,728e9b2e
230,João Virgínia,0,2020-2021,20,pt POR,Everton,eng Premier League,1,48,0.5,0,1,16,0,0,0,0,0,0,0,0,3,3,100.0,0,0,0,0,,GK,728e9b2e
318,João Virgínia,,2023-2024,23,pt POR,Everton,eng Premier League,0,,,0,0,38,,,,,,,,,,,,0,0,0,,,GK,728e9b2e
198,Julián Speroni,4,2018-2019,39,ar ARG,Crystal Palace,eng Premier League,1,90,1.0,1,0,4,0,0,0,0,0,0,0,4,9,5,55.6,0,0,1,0,0.0,GK,8e65a5e5
390,Karl Darlow,,2018-2019,27,wls WAL,Newcastle Utd,eng Premier League,0,,,0,0,23,,,,,,,,,,,,0,0,0,,,GK,cde3309f
391,Karl Darlow,,2019-2020,28,wls WAL,Newcastle Utd,eng Premier League,0,,,0,0,37,,,,,,,,,,,,0,0,0,,,GK,cde3309f
65,Karl Darlow,43,2020-2021,29,wls WAL,Newcastle Utd,eng Premier League,25,2250,25.0,25,0,6,0,0,0,0,0,0,0,43,126,84,68.3,7,4,14,4,16.0,GK,cde3309f
151,Karl Darlow,15,2021-2022,30,wls WAL,Newcastle Utd,eng Premier League,8,720,8.0,8,0,26,0,0,0,0,0,0,0,15,37,23,64.9,0,5,3,0,0.0,GK,cde3309f
392,Karl Darlow,,2022-2023,31,wls WAL,Newcastle Utd,eng Premier League,0,,,0,0,7,,,,,,,,,,,,0,0,0,,,GK,cde3309f
359,Karl Jakob Hein,,2021-2022,19,ee EST,Arsenal,eng Premier League,0,,,0,0,1,,,,,,,,,,,,0,0,0,,,GK,aa81d8f8
360,Karl Jakob Hein,,2022-2023,20,ee EST,Arsenal,eng Premier League,0,,,0,0,1,,,,,,,,,,,,0,0,0,,,GK,aa81d8f8
361,Karl Jakob Hein,,2023-2024,21,ee EST,Arsenal,eng Premier League,0,,,0,0,5,,,,,,,,,,,,0,0,0,,,GK,aa81d8f8
300,Karlo Ziger,,2020-2021,19,hr CRO,Chelsea,eng Premier League,0,,,0,0,1,,,,,,,,,,,,0,0,0,,,GK,53b781b9
47,Kasper Schmeichel,48,2018-2019,31,dk DEN,Leicester City,eng Premier League,38,3420,38.0,38,0,0,0,0,0,0,0,0,0,48,138,90,68.8,15,7,16,10,26.3,GK,53af52f3
70,Kasper Schmeichel,41,2019-2020,32,dk DEN,Leicester City,eng Premier League,38,3420,38.0,38,0,0,0,0,0,0,0,0,0,41,135,94,75.6,18,8,12,13,34.2,GK,53af52f3
42,Kasper Schmeichel,50,2020-2021,33,dk DEN,Leicester City,eng Premier League,38,3420,38.0,38,0,0,0,0,0,0,0,0,0,50,136,88,66.2,20,6,12,11,28.9,GK,53af52f3
20,Kasper Schmeichel,58,2021-2022,34,dk DEN,Leicester City,eng Premier League,37,3330,37.0,37,0,1,0,0,0,0,0,0,0,58,187,128,72.7,13,10,14,7,18.9,GK,53af52f3
76,Kepa Arrizabalaga,39,2018-2019,23,es ESP,Chelsea,eng Premier League,36,3240,36.0,36,0,2,0,0,0,0,0,0,0,39,121,81,68.6,20,8,8,14,38.9,GK,28d596a0
51,Kepa Arrizabalaga,47,2019-2020,24,es ESP,Chelsea,eng Premier League,33,2970,33.0,33,0,5,0,0,0,0,0,0,0,47,99,54,54.5,18,4,11,8,24.2,GK,28d596a0
170,Kepa Arrizabalaga,8,2020-2021,25,es ESP,Chelsea,eng Premier League,7,585,6.5,6,1,28,0,0,0,0,0,0,0,8,23,15,69.6,2,2,2,2,33.3,GK,28d596a0
211,Kepa Arrizabalaga,2,2021-2022,26,es ESP,Chelsea,eng Premier League,4,360,4.0,4,0,34,0,0,0,0,0,0,0,2,13,11,84.6,2,1,1,2,50.0,GK,28d596a0
93,Kepa Arrizabalaga,33,2022-2023,27,es ESP,Chelsea,eng Premier League,29,2565,28.5,29,0,7,0,0,0,0,0,0,0,33,120,90,73.3,8,9,12,9,31.0,GK,28d596a0
101,Keylor Navas,32,2022-2023,35,cr CRC,Nott'ham Forest,eng Premier League,17,1529,17.0,17,0,0,0,0,0,0,0,0,0,32,83,51,66.3,4,4,9,1,5.9,GK,ecada4fc
213,Kiko Casilla,2,2020-2021,33,es ESP,Leeds United,eng Premier League,3,270,3.0,3,0,31,0,0,0,0,0,0,0,2,10,8,80.0,2,0,1,1,33.3,GK,58bc7d18
228,Kristoffer Klaesson,0,2021-2022,20,no NOR,Leeds United,eng Premier League,1,36,0.4,0,1,37,0,0,0,0,0,0,0,0,4,4,100.0,0,0,0,0,,GK,3f70db80
282,Kristoffer Klaesson,,2022-2023,21,no NOR,Leeds United,eng Premier League,0,,,0,0,11,,,,,,,,,,,,0,0,0,,,GK,3f70db80
263,Krisztián Hegyi,,2022-2023,19,hu HUN,West Ham,eng Premier League,0,,,0,0,3,,,,,,,,,,,,0,0,0,,,GK,2411c7f7
370,Lander Emery,,2023-2024,20,eng ENG,Aston Villa,eng Premier League,0,,,0,0,1,,,,,,,,,,,,0,0,0,,,GK,b5f7fd45
358,Lawrence Vigouroux,,2023-2024,29,cl CHI,Burnley,eng Premier League,0,,,0,0,5,,,,,,,,,,,,0,0,0,,,GK,a949d040
342,Lee Grant,,2018-2019,35,eng ENG,Manchester Utd,eng Premier League,0,,,0,0,9,,,,,,,,,,,,0,0,0,,,GK,9dab6e3b
343,Lee Grant,,2019-2020,36,eng ENG,Manchester Utd,eng Premier League,0,,,0,0,3,,,,,,,,,,,,0,0,0,,,GK,9dab6e3b
344,Lee Grant,,2020-2021,37,eng ENG,Manchester Utd,eng Premier League,0,,,0,0,6,,,,,,,,,,,,0,0,0,,,GK,9dab6e3b
301,Liam Hughes,,2020-2021,18,nir NIR,Liverpool,eng Premier League,0,,,0,0,1,,,,,,,,,,,,0,0,0,,,GK,54ae11f8
269,Loris Karius,,2018-2019,25,de GER,Liverpool,eng Premier League,0,,,0,0,1,,,,,,,,,,,,0,0,0,,,GK,32e7ce92
270,Loris Karius,,2022-2023,29,de GER,Newcastle Utd,eng Premier League,0,,,0,0,8,,,,,,,,,,,,0,0,0,,,GK,32e7ce92
196,Loris Karius,4,2023-2024,30,de GER,Newcastle Utd,eng Premier League,1,90,1.0,1,0,21,0,0,0,0,0,0,0,4,7,4,42.9,0,0,1,0,0.0,GK,32e7ce92
325,Louie Moulden,,2021-2022,19,eng ENG,Wolves,eng Premier League,0,,,0,0,9,,,,,,,,,,,,0,0,0,,,GK,7b7de75a
273,Lovre Kalinić,,2019-2020,29,hr CRO,Aston Villa,eng Premier League,0,,,0,0,1,,,,,,,,,,,,0,0,0,,,GK,3a74f92b
369,Lucas Bergström,,2023-2024,20,fi FIN,Chelsea,eng Premier League,0,,,0,0,15,,,,,,,,,,,,0,0,0,,,GK,b59c2a92
289,Lukas Jensen,,2019-2020,20,dk DEN,Burnley,eng Premier League,0,,,0,0,3,,,,,,,,,,,,0,0,0,,,GK,47ed3795
367,Marcelo Pitaluga,,2021-2022,18,br BRA,Liverpool,eng Premier League,0,,,0,0,2,,,,,,,,,,,,0,0,0,,,GK,b3cafda8
368,Marcelo Pitaluga,,2023-2024,20,br BRA,Liverpool,eng Premier League,0,,,0,0,1,,,,,,,,,,,,0,0,0,,,GK,b3cafda8
142,Marcus Bettinelli,20,2018-2019,26,eng ENG,Fulham,eng Premier League,7,630,7.0,7,0,15,0,0,0,0,0,0,0,20,40,19,52.5,1,2,4,0,0.0,GK,0d85a4e8
241,Marcus Bettinelli,,2021-2022,29,eng ENG,Chelsea,eng Premier League,0,,,0,0,7,,,,,,,,,,,,0,0,0,,,GK,0d85a4e8
242,Marcus Bettinelli,,2022-2023,30,eng ENG,Chelsea,eng Premier League,0,,,0,0,17,,,,,,,,,,,,0,0,0,,,GK,0d85a4e8
243,Marcus Bettinelli,,2023-2024,31,eng ENG,Chelsea,eng Premier League,0,0,0.0,0,0,17,0,0,0,0,0,0,0,,,,,,,,,,GK,0d85a4e8
184,Marek Rodák,5,2020-2021,23,sk SVK,Fulham,eng Premier League,2,180,2.0,2,0,28,0,0,0,0,0,0,0,5,9,4,55.6,0,0,2,0,0.0,GK,17acc2ed
209,Marek Rodák,2,2022-2023,25,sk SVK,Fulham,eng Premier League,2,180,2.0,2,0,36,0,0,0,0,0,0,0,2,4,2,50.0,0,2,0,1,50.0,GK,17acc2ed
254,Marek Rodák,,2023-2024,26,sk SVK,Fulham,eng Premier League,0,0,0.0,0,0,37,0,0,0,0,0,0,0,,,,,,,,,,GK,17acc2ed
11,Mark Flekken,63,2023-2024,30,nl NED,Brentford,eng Premier League,37,3285,36.5,37,0,0,0,1,1,0,0,0,0,63,176,113,65.3,10,9,18,7,18.9,GK,a92ab7be
193,Mark Travers,5,2018-2019,19,ie IRL,Bournemouth,eng Premier League,2,180,2.0,2,0,0,0,0,0,0,0,0,0,5,13,9,61.5,1,0,1,1,50.0,GK,fe558029
208,Mark Travers,3,2019-2020,20,ie IRL,Bournemouth,eng Premier League,1,90,1.0,1,0,1,0,0,0,0,0,0,0,3,5,2,40.0,0,0,1,0,0.0,GK,fe558029
102,Mark Travers,32,2022-2023,23,ie IRL,Bournemouth,eng Premier League,12,1035,11.5,11,1,26,0,0,0,0,0,0,0,32,66,36,54.5,2,0,9,2,18.2,GK,fe558029
194,Mark Travers,5,2023-2024,24,ie IRL,Bournemouth,eng Premier League,4,360,4.0,4,0,25,0,0,0,0,0,0,0,5,18,13,77.8,2,0,2,2,50.0,GK,fe558029
46,Martin Dúbravka,48,2018-2019,29,sk SVK,Newcastle Utd,eng Premier League,38,3420,38.0,38,0,0,0,0,0,0,0,0,0,48,140,93,70.0,12,9,17,11,28.9,GK,3a949a25
18,Martin Dúbravka,58,2019-2020,30,sk SVK,Newcastle Utd,eng Premier League,38,3420,38.0,38,0,0,0,0,0,0,0,0,0,58,195,139,71.3,11,11,16,11,28.9,GK,3a949a25
144,Martin Dúbravka,19,2020-2021,31,sk SVK,Newcastle Utd,eng Premier League,13,1170,13.0,13,0,11,0,0,0,0,0,0,0,19,62,44,71.0,5,5,3,3,23.1,GK,3a949a25
87,Martin Dúbravka,35,2021-2022,32,sk SVK,Newcastle Utd,eng Premier League,26,2340,26.0,26,0,3,0,0,0,0,0,0,0,35,106,72,67.9,13,4,9,8,30.8,GK,3a949a25
221,Martin Dúbravka,1,2022-2023,33,sk SVK,2 Teams,eng Premier League,2,157,1.7,1,1,26,0,0,0,0,0,0,0,1,9,9,88.9,0,1,0,0,0.0,GK,3a949a25
67,Martin Dúbravka,42,2023-2024,34,sk SVK,Newcastle Utd,eng Premier League,23,1985,22.1,22,1,14,0,0,0,0,0,0,0,42,130,87,70.8,9,4,9,5,22.7,GK,3a949a25
374,Matej Kovar,,2022-2023,22,cz CZE,Manchester Utd,eng Premier League,0,,,0,0,1,,,,,,,,,,,,0,0,0,,,GK,bc67a0e1
29,Mathew Ryan,55,2018-2019,26,au AUS,Brighton,eng Premier League,34,3060,34.0,34,0,0,0,0,0,0,0,0,0,55,152,96,69.1,8,8,18,6,17.6,GK,4535e4bb
33,Mathew Ryan,54,2019-2020,27,au AUS,Brighton,eng Premier League,38,3420,38.0,38,0,0,0,0,0,0,0,0,0,54,168,116,69.0,9,14,15,9,23.7,GK,4535e4bb
138,Mathew Ryan,21,2020-2021,28,au AUS,2 Teams,eng Premier League,14,1260,14.0,14,0,13,0,0,0,0,0,0,0,21,44,24,63.6,3,5,6,3,21.4,GK,4535e4bb
355,Matija Šarkić,,2022-2023,25,me MNE,Wolves,eng Premier League,0,,,0,0,20,,,,,,,,,,,,0,0,0,,,GK,a89e7b29
247,Matt Macey,,2019-2020,24,eng ENG,Arsenal,eng Premier League,0,,,0,0,8,,,,,,,,,,,,0,0,0,,,GK,136e7649
248,Matt Macey,,2020-2021,25,eng ENG,Arsenal,eng Premier League,0,,,0,0,2,,,,,,,,,,,,0,0,0,,,GK,136e7649
291,Matt Turner,,2022-2023,28,us USA,Arsenal,eng Premier League,0,,,0,0,37,,,,,,,,,,,,0,0,0,,,GK,4a51ba65
111,Matt Turner,28,2023-2024,29,us USA,Nott'ham Forest,eng Premier League,17,1530,17.0,17,0,20,0,0,0,0,0,0,0,28,80,52,67.5,4,5,8,2,11.8,GK,4a51ba65
116,Matz Sels,27,2023-2024,31,be BEL,Nott'ham Forest,eng Premier League,16,1440,16.0,16,0,0,0,0,0,0,0,0,0,27,61,36,57.4,4,4,8,1,6.3,GK,834b5c4c
181,Michael McGovern,6,2019-2020,35,nir NIR,Norwich City,eng Premier League,2,159,1.8,1,1,18,0,0,0,0,0,0,0,6,13,6,53.8,0,0,1,0,0.0,GK,51a19d04
297,Michael McGovern,,2021-2022,37,nir NIR,Norwich City,eng Premier League,0,,,0,0,6,,,,,,,,,,,,0,0,0,,,GK,51a19d04
284,Michael Verrips,,2019-2020,22,nl NED,Sheffield Utd,eng Premier League,0,,,0,0,12,,,,,,,,,,,,0,0,0,,,GK,424595d5
285,Michael Verrips,,2020-2021,23,nl NED,Sheffield Utd,eng Premier League,0,,,0,0,13,,,,,,,,,,,,0,0,0,,,GK,424595d5
195,Michel Vorm,4,2018-2019,34,nl NED,Tottenham,eng Premier League,2,180,2.0,2,0,4,0,0,0,0,0,0,0,4,13,9,69.2,0,0,2,0,0.0,GK,1bebde9d
257,Michel Vorm,,2019-2020,35,nl NED,Tottenham,eng Premier League,0,,,0,0,9,,,,,,,,,,,,0,0,0,,,GK,1bebde9d
377,Nathan Bishop,,2020-2021,20,eng ENG,Manchester Utd,eng Premier League,0,,,0,0,1,,,,,,,,,,,,0,0,0,,,GK,bf713136
378,Nathan Bishop,,2022-2023,22,eng ENG,Manchester Utd,eng Premier League,0,,,0,0,4,,,,,,,,,,,,0,0,0,,,GK,bf713136
320,Nathan Trott,,2020-2021,21,eng ENG,West Ham,eng Premier League,0,,,0,0,10,,,,,,,,,,,,0,0,0,,,GK,7494bea9
5,Neil Etheridge,69,2018-2019,28,ph PHI,Cardiff City,eng Premier League,38,3420,38.0,38,0,0,0,0,0,0,0,0,0,69,207,135,68.6,10,4,24,10,26.3,GK,2642bf6c
80,Neto,39,2022-2023,33,br BRA,Bournemouth,eng Premier League,27,2385,26.5,27,0,3,0,0,0,0,0,0,0,39,138,100,74.6,9,6,12,6,22.2,GK,a9dc785c
32,Neto,55,2023-2024,34,br BRA,Bournemouth,eng Premier League,32,2880,32.0,32,0,4,0,0,0,0,0,0,0,55,165,110,69.7,10,9,13,7,21.9,GK,a9dc785c
41,Nick Pope,50,2019-2020,27,eng ENG,Burnley,eng Premier League,38,3420,38.0,38,0,0,0,0,0,0,0,0,0,50,167,117,72.5,15,9,14,15,39.5,GK,4b40d9ca
84,Nick Pope,37,2020-2021,28,eng ENG,Burnley,eng Premier League,32,2880,32.0,32,0,0,0,0,0,0,0,0,0,37,149,113,77.2,10,9,13,11,34.4,GK,4b40d9ca
52,Nick Pope,47,2021-2022,29,eng ENG,Burnley,eng Premier League,36,3240,36.0,36,0,0,0,0,0,0,0,0,0,47,165,119,74.5,7,14,15,9,25.0,GK,4b40d9ca
98,Nick Pope,32,2022-2023,30,eng ENG,Newcastle Utd,eng Premier League,37,3261,36.2,37,0,0,0,0,0,0,0,0,0,32,118,85,74.6,19,13,5,14,37.8,GK,4b40d9ca
149,Nick Pope,16,2023-2024,31,eng ENG,Newcastle Utd,eng Premier League,15,1345,14.9,15,0,3,0,0,0,0,0,0,0,16,58,42,72.4,9,2,4,5,33.3,GK,4b40d9ca
156,Odysseas Vlachodimos,12,2023-2024,29,gr GRE,Nott'ham Forest,eng Premier League,5,450,5.0,5,0,14,0,0,0,0,0,0,0,12,22,10,50.0,1,0,4,1,20.0,GK,03df04ff
375,Oliwier Zych,,2022-2023,18,pl POL,Aston Villa,eng Premier League,0,,,0,0,2,,,,,,,,,,,,0,0,0,,,GK,be18d79f
376,Oliwier Zych,,2023-2024,19,pl POL,Aston Villa,eng Premier League,0,,,0,0,1,,,,,,,,,,,,0,0,0,,,GK,be18d79f
329,Owen Goodman,,2022-2023,18,ca CAN,Crystal Palace,eng Premier League,0,,,0,0,4,,,,,,,,,,,,0,0,0,,,GK,8074e66f
292,Patrik Gunnarsson,,2021-2022,20,is ISL,Brentford,eng Premier League,0,,,0,0,1,,,,,,,,,,,,0,0,0,,,GK,4d39152d
215,Paulo Gazzaniga,2,2018-2019,26,ar ARG,Tottenham,eng Premier League,3,270,3.0,3,0,32,0,0,0,0,0,0,0,2,13,11,84.6,2,0,1,1,33.3,GK,63d17038
121,Paulo Gazzaniga,26,2019-2020,27,ar ARG,Tottenham,eng Premier League,18,1613,17.9,17,1,20,0,0,0,0,0,0,0,26,82,56,72.0,5,5,7,2,11.8,GK,63d17038
143,Pepe Reina,20,2019-2020,36,es ESP,Aston Villa,eng Premier League,12,1080,12.0,12,0,4,0,0,0,0,0,0,0,20,53,32,66.0,3,3,6,2,16.7,GK,e358587b
166,Petr Čech,9,2018-2019,36,cz CZE,Arsenal,eng Premier League,7,584,6.5,7,0,29,0,0,0,0,0,0,0,9,37,28,75.7,5,0,2,1,14.3,GK,71672fa0
Rk,Player,GA,Season,Age,Nation,Team,Comp,MP,Min,90s,Starts,Subs,unSub,Gls,Ast,G+A,G-PK,PK,PKatt,PKm,GA,SoTA,Saves,Save%,W,D,L,CS,CS%,Pos,-9999
Rk,Player,GA,Season,Age,Nation,Team,Comp,MP,Min,90s,Starts,Subs,unSub,Gls,Ast,G+A,G-PK,PK,PKatt,PKm,GA,SoTA,Saves,Save%,W,D,L,CS,CS%,Pos,-9999
400,Radek Vítek,,2023-2024,19,,Manchester Utd,eng Premier League,0,,,0,0,1,,,,,,,,,,,,0,0,0,,,GK,d617bff6
218,Ralf Fährmann,1,2019-2020,30,de GER,Norwich City,eng Premier League,1,21,0.2,1,0,19,0,0,0,0,0,0,0,1,2,1,100.0,,,1,,,GK,1e43fad8
266,Remi Matthews,,2021-2022,27,eng ENG,Crystal Palace,eng Premier League,0,,,0,0,7,,,,,,,,,,,,0,0,0,,,GK,27f4f772
219,Remi Matthews,1,2023-2024,29,eng ENG,Crystal Palace,eng Premier League,1,4,0.0,0,1,28,0,0,0,0,0,0,0,1,1,0,0.0,0,0,0,0,,GK,27f4f772
365,Rob Elliot,,2019-2020,33,ie IRL,Newcastle Utd,eng Premier League,0,,,0,0,1,,,,,,,,,,,,0,0,0,,,GK,b1b25949
366,Rob Elliot,,2021-2022,35,ie IRL,Watford,eng Premier League,0,,,0,0,9,,,,,,,,,,,,0,0,0,,,GK,b1b25949
115,Robert Sánchez,27,2020-2021,22,es ESP,Brighton,eng Premier League,27,2430,27.0,27,0,0,0,0,0,0,0,0,0,27,91,65,72.5,7,10,10,10,37.0,GK,6a713852
68,Robert Sánchez,42,2021-2022,23,es ESP,Brighton,eng Premier League,37,3329,37.0,37,0,0,0,0,0,0,0,0,0,42,141,99,72.3,12,15,10,11,29.7,GK,6a713852
105,Robert Sánchez,30,2022-2023,24,es ESP,Brighton,eng Premier League,23,2070,23.0,23,0,10,0,0,0,0,0,0,0,30,74,46,66.2,11,5,7,6,26.1,GK,6a713852
125,Robert Sánchez,25,2023-2024,25,es ESP,Chelsea,eng Premier League,16,1433,15.9,16,0,2,0,0,0,0,0,0,0,25,78,52,70.5,5,4,7,3,18.8,GK,6a713852
148,Roberto,17,2019-2020,33,es ESP,West Ham,eng Premier League,8,687,7.6,7,1,12,0,0,0,0,0,0,0,17,51,35,68.6,0,1,6,0,0.0,GK,ba3ca78f
168,Robin Olsen,9,2020-2021,30,se SWE,Everton,eng Premier League,7,630,7.0,7,0,21,0,0,0,0,0,0,0,9,30,21,73.3,2,3,2,2,28.6,GK,e7ee38c3
207,Robin Olsen,3,2021-2022,31,se SWE,Aston Villa,eng Premier League,1,90,1.0,1,0,17,0,0,0,0,0,0,0,3,5,2,40.0,0,0,1,0,0.0,GK,e7ee38c3
173,Robin Olsen,8,2022-2023,32,se SWE,Aston Villa,eng Premier League,4,281,3.1,2,2,30,0,0,0,0,0,0,0,8,19,11,63.2,1,0,1,1,50.0,GK,e7ee38c3
155,Robin Olsen,13,2023-2024,33,se SWE,Aston Villa,eng Premier League,5,405,4.5,4,1,26,0,0,0,0,0,0,0,13,34,20,61.8,1,0,3,0,0.0,GK,e7ee38c3
56,Rui Patrício,46,2018-2019,30,pt POR,Wolves,eng Premier League,37,3329,37.0,37,0,0,0,0,0,0,0,0,0,46,138,96,68.8,15,9,13,7,18.9,GK,79b0d6a0
72,Rui Patrício,40,2019-2020,31,pt POR,Wolves,eng Premier League,38,3420,38.0,38,0,0,0,0,0,0,0,0,0,40,129,88,69.8,15,14,9,13,34.2,GK,79b0d6a0
40,Rui Patrício,51,2020-2021,32,pt POR,Wolves,eng Premier League,37,3329,37.0,37,0,1,0,0,0,0,0,0,0,51,148,99,70.3,12,9,16,10,27.0,GK,79b0d6a0
319,Ryan Schofield,,2018-2019,18,eng ENG,Huddersfield,eng Premier League,0,,,0,0,1,,,,,,,,,,,,0,0,0,,,GK,74947a21
232,Rúnar Alex Rúnarsson,0,2020-2021,25,is ISL,Arsenal,eng Premier League,1,16,0.2,0,1,21,0,0,0,0,0,0,0,0,2,2,100.0,0,0,0,0,,GK,8fa8f8d2
4,Sam Johnstone,74,2020-2021,27,eng ENG,West Brom,eng Premier League,37,3330,37.0,37,0,0,0,1,1,0,0,0,0,74,234,162,71.4,4,11,22,6,16.2,GK,9e5708be
163,Sam Johnstone,10,2022-2023,29,eng ENG,Crystal Palace,eng Premier League,9,810,9.0,9,0,21,0,0,0,0,0,0,0,10,34,25,76.5,4,3,2,3,33.3,GK,9e5708be
118,Sam Johnstone,27,2023-2024,30,eng ENG,Crystal Palace,eng Premier League,20,1796,20.0,20,0,4,0,0,0,0,0,0,0,27,67,41,62.7,5,6,9,6,30.0,GK,9e5708be
371,Sam Proctor,,2023-2024,16,eng ENG,Aston Villa,eng Premier League,0,,,0,0,3,,,,,,,,,,,,0,0,0,,,GK,b96cec48
331,Sam Waller,,2021-2022,17,eng ENG,Burnley,eng Premier League,0,,,0,0,1,,,,,,,,,,,,0,0,0,,,GK,8ee48565
274,Scott Carson,,2019-2020,33,eng ENG,Manchester City,eng Premier League,0,,,0,0,10,,,,,,,,,,,,0,0,0,,,GK,3e1550ee
200,Scott Carson,3,2020-2021,34,eng ENG,Manchester City,eng Premier League,1,90,1.0,1,0,3,0,0,0,0,0,0,0,3,5,1,60.0,1,0,0,0,0.0,GK,3e1550ee
275,Scott Carson,,2021-2022,35,eng ENG,Manchester City,eng Premier League,0,,,0,0,18,,,,,,,,,,,,0,0,0,,,GK,3e1550ee
276,Scott Carson,,2022-2023,36,eng ENG,Manchester City,eng Premier League,0,,,0,0,5,,,,,,,,,,,,0,0,0,,,GK,3e1550ee
277,Scott Carson,,2023-2024,37,eng ENG,Manchester City,eng Premier League,0,,,0,0,13,,,,,,,,,,,,0,0,0,,,GK,3e1550ee
27,Sergio Rico,56,2018-2019,24,es ESP,Fulham,eng Premier League,29,2610,29.0,29,0,6,0,0,0,0,0,0,0,56,165,111,68.5,6,3,20,5,17.2,GK,5f0241b2
258,Sergio Romero,,2018-2019,31,ar ARG,Manchester Utd,eng Premier League,0,,,0,0,29,,,,,,,,,,,,0,0,0,,,GK,1e26e376
259,Sergio Romero,,2019-2020,32,ar ARG,Manchester Utd,eng Premier League,0,,,0,0,35,,,,,,,,,,,,0,0,0,,,GK,1e26e376
397,Simon Mignolet,,2018-2019,30,be BEL,Liverpool,eng Premier League,0,,,0,0,37,,,,,,,,,,,,0,0,0,,,GK,d436eb94
183,Simon Moore,6,2019-2020,29,eng ENG,Sheffield Utd,eng Premier League,2,180,2.0,2,0,25,0,0,0,0,0,0,0,6,11,5,45.5,0,1,1,0,0.0,GK,e7434f04
225,Stefan Ortega,1,2022-2023,29,de GER,Manchester City,eng Premier League,3,270,3.0,3,0,35,0,0,0,0,0,0,0,1,15,14,93.3,2,1,0,2,66.7,GK,c1242d4e
179,Stefan Ortega,7,2023-2024,30,de GER,Manchester City,eng Premier League,9,635,7.1,5,4,29,0,0,0,0,0,0,0,7,27,20,74.1,4,1,0,3,60.0,GK,c1242d4e
327,Teddy Sharman,,2023-2024,20,eng ENG,Chelsea,eng Premier League,0,,,0,0,1,,,,,,,,,,,,0,0,0,,,GK,7cd31238
1,Thomas Kaminski,85,2023-2024,30,be BEL,Luton Town,eng Premier League,38,3405,37.8,38,0,0,0,0,0,0,0,0,0,85,221,140,63.3,6,8,24,2,5.3,GK,1caa93a5
271,Thomas Strakosha,,2022-2023,27,al ALB,Brentford,eng Premier League,0,,,0,0,17,,,,,,,,,,,,0,0,0,,,GK,339fe0e8
212,Thomas Strakosha,2,2023-2024,28,al ALB,Brentford,eng Premier League,2,135,1.5,1,1,32,0,0,0,0,0,0,0,2,8,6,75.0,0,0,1,0,0.0,GK,339fe0e8
6,Tim Krul,68,2019-2020,31,nl NED,Norwich City,eng Premier League,36,3240,36.0,36,0,0,0,0,0,0,0,0,0,68,195,128,66.7,5,6,25,5,13.9,GK,f23f9d20
14,Tim Krul,62,2021-2022,33,nl NED,Norwich City,eng Premier League,29,2610,29.0,29,0,3,0,0,0,0,0,0,0,62,165,105,66.7,4,5,20,5,17.2,GK,f23f9d20
119,Tom Heaton,27,2018-2019,32,eng ENG,Burnley,eng Premier League,19,1710,19.0,19,0,19,0,0,0,0,0,0,0,27,83,59,68.7,8,4,7,4,21.1,GK,a6de6361
88,Tom Heaton,35,2019-2020,33,eng ENG,Aston Villa,eng Premier League,20,1794,19.9,20,0,0,0,0,0,0,0,0,0,35,102,68,68.6,6,3,11,4,20.0,GK,a6de6361
348,Tom Heaton,,2020-2021,34,eng ENG,Aston Villa,eng Premier League,0,,,0,0,23,,,,,,,,,,,,0,0,0,,,GK,a6de6361
349,Tom Heaton,,2021-2022,35,eng ENG,Manchester Utd,eng Premier League,0,,,0,0,14,,,,,,,,,,,,0,0,0,,,GK,a6de6361
350,Tom Heaton,,2022-2023,36,eng ENG,Manchester Utd,eng Premier League,0,,,0,0,23,,,,,,,,,,,,0,0,0,,,GK,a6de6361
351,Tom Heaton,,2023-2024,37,eng ENG,Manchester Utd,eng Premier League,0,,,0,0,4,,,,,,,,,,,,0,0,0,,,GK,a6de6361
304,Tom King,,2023-2024,28,wls WAL,Wolves,eng Premier League,0,,,0,0,4,,,,,,,,,,,,0,0,0,,,GK,5791b997
293,Tom McGill,,2020-2021,20,eng ENG,Brighton,eng Premier League,0,,,0,0,2,,,,,,,,,,,,0,0,0,,,GK,4eb2d015
294,Tom McGill,,2021-2022,21,eng ENG,Brighton,eng Premier League,0,,,0,0,3,,,,,,,,,,,,0,0,0,,,GK,4eb2d015
295,Tom McGill,,2022-2023,22,eng ENG,Brighton,eng Premier League,0,,,0,0,6,,,,,,,,,,,,0,0,0,,,GK,4eb2d015
134,Vicente Guaita,23,2018-2019,31,es ESP,Crystal Palace,eng Premier League,20,1754,19.5,20,0,17,0,0,0,0,0,0,0,23,85,63,74.1,10,4,6,7,35.0,GK,ab13a5aa
69,Vicente Guaita,42,2019-2020,32,es ESP,Crystal Palace,eng Premier League,35,3150,35.0,35,0,0,0,0,0,0,0,0,0,42,149,109,71.8,11,9,15,10,28.6,GK,ab13a5aa
8,Vicente Guaita,64,2020-2021,33,es ESP,Crystal Palace,eng Premier League,37,3330,37.0,37,0,1,0,0,0,0,0,0,0,64,169,104,63.9,11,8,18,8,21.6,GK,ab13a5aa
95,Vicente Guaita,33,2021-2022,34,es ESP,Crystal Palace,eng Premier League,30,2655,29.5,30,0,5,0,0,0,0,0,0,0,33,116,83,74.1,9,11,10,11,36.7,GK,ab13a5aa
92,Vicente Guaita,34,2022-2023,35,es ESP,Crystal Palace,eng Premier League,27,2430,27.0,27,0,5,0,0,0,0,0,0,0,34,116,84,72.4,7,9,11,6,22.2,GK,ab13a5aa
346,Viljami Sinisalo,,2021-2022,19,fi FIN,Aston Villa,eng Premier League,0,,,0,0,2,,,,,,,,,,,,0,0,0,,,GK,a48635b8
347,Viljami Sinisalo,,2022-2023,20,fi FIN,Aston Villa,eng Premier League,0,,,0,0,15,,,,,,,,,,,,0,0,0,,,GK,a48635b8
298,Vincent Angelini,,2021-2022,17,sct SCO,Watford,eng Premier League,0,,,0,0,3,,,,,,,,,,,,0,0,0,,,GK,536e58cc
299,Vincent Angelini,,2023-2024,19,sct SCO,Brentford,eng Premier League,0,,,0,0,2,,,,,,,,,,,,0,0,0,,,GK,536e58cc
122,Wayne Hennessey,26,2018-2019,31,wls WAL,Crystal Palace,eng Premier League,18,1576,17.5,17,1,15,0,0,0,0,0,0,0,26,69,42,66.7,4,3,10,5,29.4,GK,76eca7e2
171,Wayne Hennessey,8,2019-2020,32,wls WAL,Crystal Palace,eng Premier League,3,270,3.0,3,0,34,0,0,0,0,0,0,0,8,23,15,65.2,0,1,2,0,0.0,GK,76eca7e2
322,Wayne Hennessey,,2020-2021,33,wls WAL,Crystal Palace,eng Premier League,0,,,0,0,5,,,,,,,,,,,,0,0,0,,,GK,76eca7e2
182,Wayne Hennessey,6,2021-2022,34,wls WAL,Burnley,eng Premier League,2,180,2.0,2,0,36,0,0,0,0,0,0,0,6,13,8,53.8,0,0,2,0,0.0,GK,76eca7e2
188,Wayne Hennessey,5,2022-2023,35,wls WAL,Nott'ham Forest,eng Premier League,4,271,3.0,3,1,33,0,0,0,0,0,0,0,5,14,9,64.3,0,2,1,1,33.3,GK,76eca7e2
323,Wayne Hennessey,,2023-2024,36,wls WAL,Nott'ham Forest,eng Premier League,0,,,0,0,1,,,,,,,,,,,,0,0,0,,,GK,76eca7e2
338,Wes Foderingham,,2020-2021,29,eng ENG,Sheffield Utd,eng Premier League,0,,,0,0,25,,,,,,,,,,,,0,0,0,,,GK,96cf7b61
3,Wes Foderingham,79,2023-2024,32,eng ENG,Sheffield Utd,eng Premier League,30,2649,29.4,29,1,8,0,0,0,0,0,0,0,79,204,130,63.7,3,4,22,1,3.4,GK,96cf7b61
234,Will Norris,0,2018-2019,24,eng ENG,Wolves,eng Premier League,1,1,0.0,0,1,1,0,0,0,0,0,0,0,0,0,0,,0,0,0,1,,GK,c73ada83
199,Will Norris,4,2020-2021,26,eng ENG,Burnley,eng Premier League,2,180,2.0,2,0,15,0,0,0,0,0,0,0,4,6,2,33.3,0,0,2,0,0.0,GK,c73ada83
385,Will Norris,,2021-2022,27,eng ENG,Burnley,eng Premier League,0,,,0,0,9,,,,,,,,,,,,0,0,0,,,GK,c73ada83
256,William Crellin,,2023-2024,23,eng ENG,Everton,eng Premier League,0,,,0,0,1,,,,,,,,,,,,0,0,0,,,GK,1a85a237
233,Willy Caballero,0,2018-2019,36,ar ARG,Chelsea,eng Premier League,2,180,2.0,2,0,36,0,0,0,0,0,0,0,0,3,3,100.0,1,1,0,2,100.0,GK,a179d516
178,Willy Caballero,7,2019-2020,37,ar ARG,Chelsea,eng Premier League,5,450,5.0,5,0,33,0,0,0,0,0,0,0,7,16,10,56.3,2,2,1,1,20.0,GK,a179d516
203,Willy Caballero,3,2020-2021,38,ar ARG,Chelsea,eng Premier League,1,90,1.0,1,0,6,0,0,0,0,0,0,0,3,3,0,0.0,0,1,0,0,0.0,GK,a179d516
190,Willy Caballero,5,2021-2022,39,ar ARG,Southampton,eng Premier League,2,180,2.0,2,0,19,0,0,0,0,0,0,0,5,11,6,54.5,0,1,1,0,0.0,GK,a179d516
345,Willy Caballero,,2022-2023,40,ar ARG,Southampton,eng Premier League,0,,,0,0,11,,,,,,,,,,,,0,0,0,,,GK,a179d516
222,Zack Steffen,1,2020-2021,25,us USA,Manchester City,eng Premier League,1,90,1.0,1,0,34,0,0,0,0,0,0,0,1,2,1,50.0,1,0,0,0,0.0,GK,42130443
229,Zack Steffen,0,2021-2022,26,us USA,Manchester City,eng Premier League,1,90,1.0,1,0,29,0,0,0,0,0,0,0,0,2,2,100.0,1,0,0,1,100.0,GK,42130443
130,Álvaro Fernández,24,2021-2022,23,es ESP,Brentford,eng Premier League,12,1080,12.0,12,0,19,0,0,0,0,0,0,0,24,69,47,66.7,3,2,7,1,8.3,GK,f127d782
158,Ørjan Nyland,12,2019-2020,28,no NOR,Aston Villa,eng Premier League,7,539,6.0,5,2,20,0,0,0,0,0,0,0,12,27,15,55.6,0,2,3,1,20.0,GK,bdedffac
81,Đorđe Petrović,38,2023-2024,23,rs SRB,Chelsea,eng Premier League,23,1987,22.1,22,1,12,0,0,0,0,0,0,0,38,108,73,65.7,13,5,4,5,22.7,GK,0cf321c8
31,Łukasz Fabiański,55,2018-2019,33,pl POL,West Ham,eng Premier League,38,3420,38.0,38,0,0,0,0,0,0,0,0,0,55,198,143,74.2,15,7,16,7,18.4,GK,9328b835
91,Łukasz Fabiański,34,2019-2020,34,pl POL,West Ham,eng Premier League,25,2117,23.5,25,0,0,0,0,0,0,0,0,0,34,104,71,70.2,8,7,10,5,20.0,GK,9328b835
61,Łukasz Fabiański,44,2020-2021,35,pl POL,West Ham,eng Premier League,35,3150,35.0,35,0,0,0,0,0,0,0,0,0,44,138,97,70.3,17,8,10,10,28.6,GK,9328b835
43,Łukasz Fabiański,50,2021-2022,36,pl POL,West Ham,eng Premier League,37,3330,37.0,37,0,0,0,0,0,0,0,0,0,50,162,111,70.4,16,8,13,8,21.6,GK,9328b835
50,Łukasz Fabiański,48,2022-2023,37,pl POL,West Ham,eng Premier League,36,3111,34.6,36,0,0,0,0,0,0,0,0,0,48,154,106,70.1,11,6,19,8,22.2,GK,9328b835
140,Łukasz Fabiański,21,2023-2024,38,pl POL,West Ham,eng Premier League,10,721,8.0,7,3,27,0,0,0,0,0,0,0,21,53,33,66.0,3,1,3,1,14.3,GK,9328b835
