Player,Season,Age,Nation,Club,Matchs_played,Minutes_played,Titular_played,Goals,Assists,Position,Value,Preferred Foot,Height,Weight
Adam Lallana,2022-2023,34.0,England,Brighton,16,722,12,2,1,MF,2600000.0,Right,178.0,73.0
Adama Traoré,2022-2023,26.0,Spain,Wolves,34,1496,12,2,1,FW,20500000.0,Right,178.0,86.0
Alejandro Garnacho,2022-2023,18.0,Argentina,Manchester Utd,19,569,5,3,2,FW,1500000.0,Right,180.0,70.0
Alex Oxlade-Chamberlain,2022-2023,28.0,England,Liverpool,9,335,4,1,0,FW,10500000.0,Right,175.0,70.0
Allan Saint-Maximin,2022-2023,25.0,France,Newcastle Utd,25,1120,12,1,5,FW,32500000.0,Right,173.0,67.0
Bernardo Silva,2022-2023,27.0,Portugal,Manchester City,34,2205,24,4,5,MF,97500000.0,Left,173.0,64.0
Bruno Fernandes,2022-2023,27.0,Portugal,Manchester Utd,37,3316,37,8,8,MF,78500000.0,Right,179.0,69.0
Bryan Gil,2022-2023,21.0,Spain,Tottenham,4,148,2,0,1,MF,23500000.0,Left,175.0,65.0
Cristiano Ronaldo,2022-2023,37.0,Portugal,Manchester Utd,10,525,4,1,0,FW,41000000.0,Right,187.0,83.0
Daniel Podence,2022-2023,26.0,Portugal,Wolves,32,1771,20,6,0,FW,16500000.0,Right,165.0,58.0
Dejan Kulusevski,2022-2023,22.0,Sweden,Tottenham,30,2067,23,2,7,MF,41500000.0,Left,186.0,75.0
Diogo Jota,2022-2023,25.0,Portugal,Liverpool,22,1131,12,7,4,FW,76000000.0,Right,178.0,73.0
Emi Buendía,2022-2023,25.0,Argentina,Aston Villa,38,2412,27,5,2,MF,26500000.0,Right,172.0,65.0
Emile Smith Rowe,2022-2023,22.0,England,Arsenal,12,172,0,0,2,MF,43000000.0,Right,182.0,72.0
Evan Ferguson,2022-2023,17.0,Ireland,Brighton,19,950,10,6,2,FW,700000.0,Right,177.0,74.0
Fabio Carvalho,2022-2023,19.0,Portugal,Liverpool,13,347,4,2,0,MF,7000000.0,Right,175.0,66.0
Fabio Vieira,2022-2023,22.0,Portugal,Arsenal,22,514,3,1,2,MF,23500000.0,Left,176.0,61.0
Gabriel Jesus,2022-2023,25.0,Brazil,Arsenal,26,2064,24,11,6,FW,48500000.0,Right,175.0,73.0
Gabriel Martinelli,2022-2023,21.0,Brazil,Arsenal,36,2789,34,15,5,FW,31500000.0,Right,178.0,75.0
Gonçalo Guedes,2022-2023,25.0,Portugal,Wolves,13,707,8,1,1,FW,41000000.0,Right,179.0,68.0
Hwang Hee-chan,2022-2023,26.0,South Korea,Wolves,27,1130,12,3,1,FW,12500000.0,Right,177.0,77.0
Jack Grealish,2022-2023,26.0,England,Manchester City,28,2055,23,5,7,FW,49500000.0,Right,180.0,81.0
Jay Stansfield,2022-2023,19.0,England,Fulham,3,87,1,0,0,FW,1300000.0,Right,182.0,68.0
Joelinton,2022-2023,25.0,Brazil,Newcastle Utd,32,2661,30,6,1,MF,7500000.0,Right,186.0,81.0
Keane Lewis-Potter,2022-2023,21.0,England,Brentford,10,321,3,0,1,FW,4200000.0,Right,170.0,67.0
Pablo Fornals,2022-2023,26.0,Spain,West Ham,32,1503,17,3,1,FW,21500000.0,Right,178.0,67.0
Pedro Neto,2022-2023,22.0,Portugal,Wolves,18,964,13,0,0,FW,28500000.0,Left,172.0,62.0
Raúl Jiménez,2022-2023,31.0,Mexico,Wolves,15,846,8,0,1,FW,25500000.0,Right,188.0,81.0
Richarlison,2022-2023,25.0,Brazil,Tottenham,27,1010,12,1,3,MF,34500000.0,Right,181.0,71.0
Roberto Firmino,2022-2023,30.0,Brazil,Liverpool,25,1213,13,11,4,FW,35500000.0,Right,181.0,76.0
Sam Greenwood,2022-2023,20.0,England,Leeds United,18,424,3,1,2,MF,38000000.0,Left,181.0,70.0
Sam Surridge,2022-2023,24.0,England,Nott'ham Forest,20,323,1,1,0,FW,3000000.0,Right,191.0,77.0
Saïd Benrahma,2022-2023,26.0,Algeria,West Ham,35,2069,22,6,3,FW,15500000.0,Right,172.0,67.0
Sergi Canós,2022-2023,25.0,Spain,Brentford,5,77,0,0,0,FW,2900000.0,Right,175.0,66.0
Willian,2022-2023,33.0,Brazil,Fulham,27,2126,25,5,5,FW,11500000.0,Right,175.0,77.0
Alisson,2022-2023,29.0,Brazil,Liverpool,37,3330,37,0,1,GK,79000000.0,Right,191.0,91.0
David Raya,2022-2023,26.0,Spain,Brentford,38,3420,38,0,0,GK,7000000.0,Right,183.0,75.0
Dean Henderson,2022-2023,25.0,England,Nott'ham Forest,18,1620,18,0,0,GK,18000000.0,Right,188.0,85.0
Ederson,2022-2023,28.0,Brazil,Manchester City,35,3150,35,0,1,GK,88000000.0,Left,188.0,86.0
Jack Butland,2022-2023,29.0,England,2 Teams,0,,0,,,GK,2100000.0,Right,196.0,95.0
José Sá,2022-2023,29.0,Portugal,Wolves,36,3240,36,0,0,GK,20000000.0,Right,192.0,84.0
Robert Sánchez,2022-2023,24.0,Spain,Brighton,23,2070,23,0,0,GK,13500000.0,Right,197.0,85.0
Sam Johnstone,2022-2023,29.0,England,Crystal Palace,9,810,9,0,0,GK,4700000.0,Right,193.0,85.0
Tom Heaton,2022-2023,36.0,England,Manchester Utd,0,,0,,,GK,350000.0,Right,188.0,85.0
Wayne Hennessey,2022-2023,35.0,Wales,Nott'ham Forest,4,271,3,0,0,GK,475000.0,Right,198.0,90.0
Adam Lallana,2022-2023,34.0,England,Brighton,16,722,12,2,1,MF,2600000.0,Right,178.0,73.0
Adama Traoré,2022-2023,26.0,Spain,Wolves,34,1496,12,2,1,FW,20500000.0,Right,178.0,86.0
Albert Sambi Lokonga,2022-2023,22.0,Belgium,2 Teams,15,734,8,0,0,MF,12500000.0,Right,183.0,73.0
Alejandro Garnacho,2022-2023,18.0,Argentina,Manchester Utd,19,569,5,3,2,FW,1500000.0,Right,180.0,70.0
Alex Oxlade-Chamberlain,2022-2023,28.0,England,Liverpool,9,335,4,1,0,FW,10500000.0,Right,175.0,70.0
Alexis Mac Allister,2022-2023,23.0,Argentina,Brighton,35,2886,31,10,2,MF,12000000.0,Right,176.0,72.0
Andreas Pereira,2022-2023,26.0,Brazil,Fulham,33,2692,33,4,6,MF,10000000.0,Right,177.0,70.0
Ben Chilwell,2022-2023,25.0,England,Chelsea,23,1408,15,2,2,DF,37000000.0,Left,180.0,77.0
Bernardo Silva,2022-2023,27.0,Portugal,Manchester City,34,2205,24,4,5,MF,97500000.0,Left,173.0,64.0
Bruno Fernandes,2022-2023,27.0,Portugal,Manchester Utd,37,3316,37,8,8,MF,78500000.0,Right,179.0,69.0
Bruno Guimarães,2022-2023,24.0,Brazil,Newcastle Utd,32,2726,32,4,5,MF,38500000.0,Right,182.0,74.0
Bryan Gil,2022-2023,21.0,Spain,Tottenham,4,148,2,0,1,MF,23500000.0,Left,175.0,65.0
Conor Gallagher,2022-2023,22.0,England,Chelsea,35,1621,18,3,1,MF,35500000.0,Right,182.0,77.0
Daniel Podence,2022-2023,26.0,Portugal,Wolves,32,1771,20,6,0,FW,16500000.0,Right,165.0,58.0
Dejan Kulusevski,2022-2023,22.0,Sweden,Tottenham,30,2067,23,2,7,MF,41500000.0,Left,186.0,75.0
Douglas Luiz,2022-2023,24.0,Brazil,Aston Villa,37,2927,33,6,6,MF,19500000.0,Right,175.0,66.0
Emi Buendía,2022-2023,25.0,Argentina,Aston Villa,38,2412,27,5,2,MF,26500000.0,Right,172.0,65.0
Emile Smith Rowe,2022-2023,22.0,England,Arsenal,12,172,0,0,2,MF,43000000.0,Right,182.0,72.0
Fabinho,2022-2023,28.0,Brazil,Liverpool,36,2671,31,0,2,MF,77000000.0,Right,188.0,78.0
Fabio Carvalho,2022-2023,19.0,Portugal,Liverpool,13,347,4,2,0,MF,7000000.0,Right,175.0,66.0
Fabio Vieira,2022-2023,22.0,Portugal,Arsenal,22,514,3,1,2,MF,23500000.0,Left,176.0,61.0
Fred,2022-2023,29.0,Brazil,Manchester Utd,35,1249,12,2,2,MF,20500000.0,Left,169.0,62.0
Gonçalo Guedes,2022-2023,25.0,Portugal,Wolves,13,707,8,1,1,FW,41000000.0,Right,179.0,68.0
Hwang Hee-chan,2022-2023,26.0,South Korea,Wolves,27,1130,12,3,1,FW,12500000.0,Right,177.0,77.0
Ivan Perišić,2022-2023,33.0,Croatia,Tottenham,34,2108,23,1,8,DF,26500000.0,Right,186.0,80.0
Jack Colback,2022-2023,32.0,England,Nott'ham Forest,11,497,4,0,0,MF,925000.0,Left,177.0,77.0
Jaïro Riedewald,2022-2023,25.0,Netherlands,Crystal Palace,6,64,0,0,0,DF,4500000.0,Left,182.0,79.0
Joe Willock,2022-2023,22.0,England,Newcastle Utd,35,2558,31,3,6,MF,12500000.0,Right,179.0,71.0
Joelinton,2022-2023,25.0,Brazil,Newcastle Utd,32,2661,30,6,1,MF,7500000.0,Right,186.0,81.0
John Stones,2022-2023,28.0,England,Manchester City,23,1846,21,2,2,DF,4700000.0,Right,193.0,85.0
Jorginho,2022-2023,30.0,Italy,2 Teams,32,2134,24,2,1,MF,51500000.0,Right,180.0,68.0
Josh Dasilva,2022-2023,23.0,England,Brentford,36,1389,14,4,2,MF,4600000.0,Left,184.0,75.0
João Moutinho,2022-2023,35.0,Portugal,Wolves,31,1780,20,0,2,MF,10500000.0,Right,170.0,61.0
Keane Lewis-Potter,2022-2023,21.0,England,Brentford,10,321,3,0,1,FW,4200000.0,Right,170.0,67.0
Kevin De Bruyne,2022-2023,31.0,Belgium,Manchester City,32,2417,28,7,16,MF,107500000.0,Right,181.0,70.0
Lucas Moura,2022-2023,29.0,Brazil,Tottenham,15,153,0,1,0,MF,20500000.0,Right,174.0,70.0
Matt Doherty,2022-2023,30.0,Ireland,Tottenham,12,667,7,1,0,DF,9000000.0,Right,182.0,87.0
Matt Ritchie,2022-2023,32.0,Scotland,Newcastle Utd,7,39,0,0,0,FW,2400000.0,Left,172.0,76.0
Orel Mangala,2022-2023,24.0,Belgium,Nott'ham Forest,27,1550,20,1,1,MF,8500000.0,Right,178.0,80.0
Pablo Fornals,2022-2023,26.0,Spain,West Ham,32,1503,17,3,1,FW,21500000.0,Right,178.0,67.0
Pedro Neto,2022-2023,22.0,Portugal,Wolves,18,964,13,0,0,FW,28500000.0,Left,172.0,62.0
Richarlison,2022-2023,25.0,Brazil,Tottenham,27,1010,12,1,3,MF,34500000.0,Right,181.0,71.0
Roberto Firmino,2022-2023,30.0,Brazil,Liverpool,25,1213,13,11,4,FW,35500000.0,Right,181.0,76.0
Rodri,2022-2023,26.0,Spain,Manchester City,36,2911,34,2,6,MF,88500000.0,Right,191.0,82.0
Ruben Loftus-Cheek,2022-2023,26.0,England,Chelsea,25,1536,19,0,1,MF,9500000.0,Right,191.0,88.0
Rúben Neves,2022-2023,25.0,Portugal,Wolves,35,3019,33,6,1,MF,47500000.0,Right,180.0,80.0
Rúben Vinagre,2022-2023,23.0,Portugal,Everton,2,26,0,0,0,DF,6500000.0,Left,174.0,71.0
Sam Greenwood,2022-2023,20.0,England,Leeds United,18,424,3,1,2,MF,38000000.0,Left,181.0,70.0
Saïd Benrahma,2022-2023,26.0,Algeria,West Ham,35,2069,22,6,3,FW,15500000.0,Right,172.0,67.0
Scott McTominay,2022-2023,25.0,Scotland,Manchester Utd,24,1160,10,1,0,MF,25000000.0,Right,193.0,88.0
Sean Longstaff,2022-2023,24.0,England,Newcastle Utd,33,2518,28,1,4,MF,6500000.0,Right,180.0,65.0
Tom Cairney,2022-2023,31.0,Scotland,Fulham,33,988,6,2,0,MF,4600000.0,Left,186.0,84.0
Tom Davies,2022-2023,24.0,England,Everton,19,538,4,0,0,MF,7500000.0,Right,180.0,70.0
Yves Bissouma,2022-2023,25.0,Mali,Tottenham,23,1010,10,0,0,MF,34500000.0,Right,182.0,80.0
Aaron Cresswell,2022-2023,32.0,England,West Ham,28,2235,24,0,1,DF,9500000.0,Left,175.0,66.0
Aaron Wan-Bissaka,2022-2023,24.0,DR Congo,Manchester Utd,19,1435,16,0,0,DF,26500000.0,Right,183.0,72.0
Adam Webster,2022-2023,27.0,England,Brighton,27,1985,23,0,0,DF,8500000.0,Right,191.0,75.0
Ben Chilwell,2022-2023,25.0,England,Chelsea,23,1408,15,2,2,DF,37000000.0,Left,180.0,77.0
Ben Davies,2022-2023,29.0,Wales,Tottenham,31,2288,26,2,2,DF,14500000.0,Left,181.0,76.0
Ben Godfrey,2022-2023,24.0,England,Everton,13,802,10,0,1,DF,22000000.0,Right,183.0,79.0
Ben Johnson,2022-2023,22.0,England,West Ham,17,866,9,0,0,DF,12500000.0,Right,181.0,71.0
Ben White,2022-2023,24.0,England,Arsenal,38,3055,36,2,5,DF,32500000.0,Right,185.0,77.0
Dan Burn,2022-2023,30.0,England,Newcastle Utd,38,3111,35,1,0,DF,8500000.0,Left,198.0,87.0
Diogo Dalot,2022-2023,23.0,Portugal,Manchester Utd,26,2154,24,1,2,DF,21000000.0,Right,184.0,76.0
Hugo Bueno,2022-2023,19.0,Spain,Wolves,21,1310,16,0,1,DF,600000.0,Left,180.0,73.0
Ivan Perišić,2022-2023,33.0,Croatia,Tottenham,34,2108,23,1,8,DF,26500000.0,Right,186.0,80.0
James Tarkowski,2022-2023,29.0,England,Everton,38,3420,38,1,1,DF,14500000.0,Right,188.0,81.0
Joe Gomez,2022-2023,25.0,England,Liverpool,21,1466,15,0,0,DF,34000000.0,Right,188.0,77.0
Joe Worrall,2022-2023,25.0,England,Nott'ham Forest,30,2224,21,1,0,DF,6000000.0,Right,190.0,90.0
John Stones,2022-2023,28.0,England,Manchester City,23,1846,21,2,2,DF,4700000.0,Right,193.0,85.0
João Cancelo,2022-2023,28.0,Portugal,Manchester City,17,1274,16,2,1,DF,82500000.0,Right,182.0,74.0
Joël Matip,2022-2023,30.0,Cameroon,Liverpool,14,1092,12,1,0,DF,34500000.0,Right,194.0,90.0
Joël Veltman,2022-2023,30.0,Netherlands,Brighton,31,2188,25,1,1,DF,11500000.0,Right,184.0,75.0
Levi Colwill,2022-2023,19.0,England,Brighton,17,1220,13,0,2,DF,3500000.0,Left,191.0,83.0
Lucas Moura,2022-2023,29.0,Brazil,Tottenham,15,153,0,1,0,MF,20500000.0,Right,174.0,70.0
Mads Roerslev,2022-2023,23.0,Denmark,Brentford,20,1108,12,0,0,DF,2100000.0,Right,184.0,67.0
Matt Doherty,2022-2023,30.0,Ireland,Tottenham,12,667,7,1,0,DF,9000000.0,Right,182.0,87.0
Matt Targett,2022-2023,26.0,England,Newcastle Utd,17,610,6,0,0,DF,12000000.0,Left,183.0,70.0
Max Kilman,2022-2023,25.0,England,Wolves,37,3307,37,0,0,DF,14500000.0,Left,194.0,89.0
Neco Williams,2022-2023,21.0,Wales,Nott'ham Forest,31,1882,20,1,0,DF,4000000.0,Right,183.0,72.0
Rob Holding,2022-2023,26.0,England,Arsenal,14,566,6,1,0,DF,11500000.0,Right,189.0,75.0
Ruben Loftus-Cheek,2022-2023,26.0,England,Chelsea,25,1536,19,0,1,MF,9500000.0,Right,191.0,88.0
Ryan Sessegnon,2022-2023,22.0,England,Tottenham,17,813,9,2,0,DF,12000000.0,Left,178.0,70.0
Rúben Dias,2022-2023,25.0,Portugal,Manchester City,26,1998,22,0,0,DF,107500000.0,Right,187.0,82.0
Thiago Silva,2022-2023,37.0,Brazil,Chelsea,27,2352,26,0,2,DF,12000000.0,Right,183.0,79.0
Tim Ream,2022-2023,34.0,United States,Fulham,33,2897,33,1,0,DF,525000.0,Left,186.0,80.0
Tosin Adarabioyo,2022-2023,24.0,England,Fulham,25,2085,23,1,0,DF,11500000.0,Right,196.0,80.0
Toti Gomes,2022-2023,23.0,Portugal,Wolves,17,984,10,1,0,DF,2600000.0,Left,187.0,83.0
Trent Alexander-Arnold,2022-2023,23.0,England,Liverpool,37,2923,34,2,9,DF,100500000.0,Right,180.0,69.0
Aaron Ramsey,2023-2024,20.0,England,Burnley,14,527,5,0,0,MF,,,,
Abdoulaye Doucouré,2023-2024,30.0,Mali,Everton,32,2629,32,7,1,FW,,,,
Adam Lallana,2023-2024,35.0,England,Brighton,25,850,13,0,1,MF,,,,
Adama Traoré,2023-2024,27.0,Spain,Fulham,17,377,1,2,3,FW,,,,
Alejandro Garnacho,2023-2024,19.0,Argentina,Manchester Utd,36,2565,30,7,4,FW,,,,
Alejo Véliz,2023-2024,19.0,Argentina,Tottenham,8,50,0,1,0,FW,,,,
Aleksandar Mitrović,2023-2024,28.0,Serbia,Fulham,1,33,0,0,0,FW,,,,
Alex Iwobi,2023-2024,27.0,Nigeria,Fulham,30,2192,25,5,2,FW,,,,
Alexander Isak,2023-2024,23.0,Sweden,Newcastle Utd,30,2255,27,21,2,FW,,,,
Amad Diallo,2023-2024,21.0,Ivory Coast,Manchester Utd,9,390,3,1,1,FW,,,,
Anass Zaroury,2023-2024,22.0,Morocco,Burnley,6,152,1,0,0,FW,,,,
Andros Townsend,2023-2024,32.0,England,Luton Town,27,1210,14,1,3,MF,,,,
André Gomes,2023-2024,30.0,Portugal,Everton,12,508,3,1,0,MF,,,,
Ansu Fati,2023-2024,20.0,Spain,Brighton,19,521,3,2,0,MF,,,,
Anthony Elanga,2023-2024,21.0,Sweden,Nott'ham Forest,36,2433,25,5,9,FW,,,,
Anthony Gordon,2023-2024,22.0,England,Newcastle Utd,35,2890,34,11,10,FW,,,,
Anthony Martial,2023-2024,27.0,France,Manchester Utd,13,448,5,1,0,FW,,,,
Antoine Semenyo,2023-2024,23.0,Ghana,Bournemouth,33,2105,25,8,2,FW,,,,
Antony,2023-2024,23.0,Brazil,Manchester Utd,29,1324,15,1,1,FW,,,,
Armando Broja,2023-2024,21.0,Albania,2 Teams,21,542,6,1,1,FW,,,,
Arnaut Danjuma,2023-2024,26.0,Netherlands,Everton,14,595,5,1,0,MF,,,,
Ben Brereton,2023-2024,24.0,Chile,Sheffield Utd,14,1105,14,6,1,FW,,,,
Ben Johnson,2023-2024,23.0,England,West Ham,14,544,4,0,0,DF,,,,
Benicio Boaitey,2023-2024,19.0,England,Brighton,5,40,0,0,0,FW,,,,
Benson Manuel,2023-2024,26.0,Angola,Burnley,8,116,1,0,0,MF,,,,
Bernardo Silva,2023-2024,28.0,Portugal,Manchester City,33,2578,29,6,9,MF,,,,
Beto,2023-2024,25.0,Guinea-Bissau,Everton,30,951,9,3,0,FW,,,,
Bobby De Cordova-Reid,2023-2024,30.0,Jamaica,Fulham,33,1423,17,6,2,FW,,,,
Brennan Johnson,2023-2024,22.0,Wales,2 Teams,35,2322,26,5,10,FW,,,,
Bruno Fernandes,2023-2024,28.0,Portugal,Manchester Utd,35,3118,35,10,8,MF,,,,
Bryan Gil,2023-2024,22.0,Spain,Tottenham,11,209,2,0,0,FW,,,,
Bryan Mbeumo,2023-2024,23.0,Cameroon,Brentford,25,1960,22,9,6,FW,,,,
Bukayo Saka,2023-2024,21.0,England,Arsenal,35,2919,35,16,9,FW,,,,
Bénie Traoré,2023-2024,20.0,Ivory Coast,Sheffield Utd,8,387,3,0,0,FW,,,,
Callum Hudson-Odoi,2023-2024,22.0,England,Nott'ham Forest,29,1854,20,8,1,FW,,,,
Callum Wilson,2023-2024,31.0,England,Newcastle Utd,20,991,9,9,1,FW,,,,
Cameron Archer,2023-2024,22.0,England,Sheffield Utd,29,1832,21,4,1,FW,,,,
Carlos Vinícius,2023-2024,28.0,Brazil,Fulham,13,315,2,2,0,FW,,,,
Carlton Morris,2023-2024,27.0,England,Luton Town,38,2862,32,11,4,FW,,,,
Carney Chukwuemeka,2023-2024,19.0,England,Chelsea,9,227,2,1,1,MF,,,,
Cauley Woodrow,2023-2024,28.0,England,Luton Town,24,427,2,1,1,FW,,,,
Chris Wood,2023-2024,31.0,New Zealand,Nott'ham Forest,31,1812,20,14,1,FW,,,,
Christopher Nkunku,2023-2024,25.0,France,Chelsea,11,443,2,3,0,FW,,,,
Cody Gakpo,2023-2024,24.0,Netherlands,Liverpool,35,1649,17,8,5,FW,,,,
Cole Palmer,2023-2024,21.0,England,Chelsea,33,2607,29,22,11,FW,,,,
Dango Ouattara,2023-2024,21.0,Burkina Faso,Bournemouth,30,1229,12,1,2,FW,,,,
Danny Ings,2023-2024,31.0,England,West Ham,20,404,3,1,0,FW,,,,
Danny Welbeck,2023-2024,32.0,England,Brighton,29,1693,21,5,1,FW,,,,
Darwin Núñez,2023-2024,24.0,Uruguay,Liverpool,36,2047,22,11,8,FW,,,,
David Brooks,2023-2024,26.0,Wales,Bournemouth,13,282,2,1,1,FW,,,,
David Datro Fofana,2023-2024,20.0,Ivory Coast,Burnley,15,879,10,4,1,FW,,,,
Deivid Washington,2023-2024,18.0,Brazil,Chelsea,2,13,0,0,0,DF,,,,
Dejan Kulusevski,2023-2024,23.0,Sweden,Tottenham,36,2762,31,8,3,FW,,,,
Diogo Jota,2023-2024,26.0,Portugal,Liverpool,21,1145,14,10,3,FW,,,,
Divin Mubama,2023-2024,18.0,England,West Ham,5,80,0,0,0,FW,,,,
Divock Origi,2023-2024,28.0,Belgium,Nott'ham Forest,20,606,6,0,1,FW,,,,
Dominic Calvert-Lewin,2023-2024,26.0,England,Everton,32,2171,26,7,2,FW,,,,
Dominic Solanke,2023-2024,25.0,England,Bournemouth,38,3325,37,19,3,FW,,,,
Dwight McNeil,2023-2024,23.0,England,Everton,35,2892,33,3,6,MF,,,,
Eberechi Eze,2023-2024,25.0,England,Crystal Palace,27,2055,24,11,4,MF,,,,
Eddie Nketiah,2023-2024,24.0,England,Arsenal,27,1082,10,5,2,FW,,,,
Elijah Adebayo,2023-2024,25.0,England,Luton Town,27,1419,16,10,0,FW,,,,
Elliot Anderson,2023-2024,20.0,England,Newcastle Utd,21,1027,10,0,2,MF,,,,
Enes Ünal,2023-2024,26.0,Turkey,Bournemouth,16,328,2,2,2,FW,,,,
Erling Haaland,2023-2024,23.0,Norway,Manchester City,31,2552,29,27,5,FW,,,,
Evan Ferguson,2023-2024,18.0,Ireland,Brighton,27,1367,15,6,0,FW,,,,
Fabio Vieira,2023-2024,23.0,Portugal,Arsenal,11,297,2,1,2,MF,,,,
Facundo Buonanotte,2023-2024,18.0,Argentina,Brighton,27,1364,17,3,1,FW,,,,
Facundo Pellistri,2023-2024,21.0,Uruguay,Manchester Utd,9,172,1,0,1,FW,,,,
Fábio Silva,2023-2024,21.0,Portugal,Wolves,8,264,3,0,0,FW,,,,
Gabriel Jesus,2023-2024,26.0,Brazil,Arsenal,27,1478,17,4,5,FW,,,,
Gabriel Martinelli,2023-2024,22.0,Brazil,Arsenal,35,2019,24,6,4,FW,,,,
George Earthy,2023-2024,18.0,England,West Ham,3,34,0,1,0,FW,,,,
Gio Reyna,2023-2024,20.0,United States,Nott'ham Forest,9,235,2,0,1,FW,,,,
Harry Wilson,2023-2024,26.0,Wales,Fulham,35,1620,16,4,6,FW,,,,
Harvey Barnes,2023-2024,25.0,England,Newcastle Utd,21,802,7,5,3,FW,,,,
Harvey Elliott,2023-2024,20.0,England,Liverpool,34,1352,11,3,6,MF,,,,
Hwang Hee-chan,2023-2024,27.0,South Korea,Wolves,29,2119,25,12,3,FW,,,,
Ian Maatsen,2023-2024,21.0,Netherlands,Chelsea,12,209,1,0,0,FW,,,,
Ivan Perišić,2023-2024,34.0,Croatia,Tottenham,5,103,0,0,1,FW,,,,
Ivan Toney,2023-2024,27.0,England,Brentford,17,1450,16,4,2,FW,,,,
Jack Grealish,2023-2024,27.0,England,Manchester City,20,1009,10,3,1,FW,,,,
Jack Harrison,2023-2024,26.0,England,Everton,29,2214,25,3,3,MF,,,,
Jacob Brown,2023-2024,25.0,Scotland,Luton Town,19,1019,12,2,0,MF,,,,
Jacob Bruun Larsen,2023-2024,24.0,Denmark,Burnley,32,1249,16,6,0,MF,,,,
Jacob Murphy,2023-2024,28.0,England,Newcastle Utd,21,1189,14,3,7,FW,,,,
Jacob Ramsey,2023-2024,22.0,England,Aston Villa,16,853,8,1,1,FW,,,,
Jaidon Anthony,2023-2024,23.0,England,Bournemouth,3,152,2,0,0,FW,,,,
James Mcatee,2023-2024,20.0,England,Sheffield Utd,30,1822,20,3,3,MF,,,,
Jarrod Bowen,2023-2024,26.0,England,West Ham,34,3019,34,16,6,FW,,,,
Jay Rodriguez,2023-2024,34.0,England,Burnley,21,822,7,2,1,FW,,,,
Jaïro Riedewald,2023-2024,26.0,Netherlands,Crystal Palace,9,235,2,0,0,MF,,,,
Jean-Philippe Mateta,2023-2024,26.0,France,Crystal Palace,35,2282,25,16,5,FW,,,,
Jean-Ricner Bellegarde,2023-2024,25.0,Haiti,Wolves,22,958,10,2,1,MF,,,,
Jeffrey Schlupp,2023-2024,30.0,Ghana,Crystal Palace,29,1352,17,2,2,FW,,,,
Jeremy Doku,2023-2024,21.0,Belgium,Manchester City,29,1595,18,3,8,FW,,,,
Jesurun Rak Sakyi,2023-2024,20.0,England,Crystal Palace,6,136,0,0,0,MF,,,,
Joelinton,2023-2024,26.0,Brazil,Newcastle Utd,20,1279,15,2,1,MF,,,,
John McGinn,2023-2024,28.0,Scotland,Aston Villa,35,2999,35,6,4,MF,,,,
Jordan Ayew,2023-2024,31.0,Ghana,Crystal Palace,35,2543,30,4,7,FW,,,,
João Pedro,2023-2024,21.0,Brazil,Brighton,31,2045,19,9,3,FW,,,,
Julio Enciso,2023-2024,19.0,Paraguay,Brighton,12,475,5,0,2,MF,,,,
Julián Álvarez,2023-2024,23.0,Argentina,Manchester City,36,2647,31,11,8,MF,,,,
Justin Kluivert,2023-2024,24.0,Netherlands,Bournemouth,32,1916,26,7,1,MF,,,,
Jáder Durán,2023-2024,19.0,Colombia,Aston Villa,23,475,3,5,0,FW,,,,
Jóhann Berg Guðmundsson,2023-2024,32.0,Iceland,Burnley,26,1192,12,1,3,MF,,,,
Kai Havertz,2023-2024,24.0,Germany,Arsenal,37,2634,30,13,7,MF,,,,
Kaoru Mitoma,2023-2024,26.0,Japan,Brighton,19,1486,15,3,4,FW,,,,
Keane Lewis-Potter,2023-2024,22.0,England,Brentford,30,1441,15,3,1,FW,,,,
Kevin Schade,2023-2024,21.0,Germany,Brentford,11,333,3,2,1,FW,,,,
Kieffer Moore,2023-2024,30.0,Wales,Bournemouth,8,108,0,1,0,FW,,,,
Leandro Trossard,2023-2024,28.0,Belgium,Arsenal,34,1649,18,12,1,FW,,,,
Leon Bailey,2023-2024,25.0,Jamaica,Aston Villa,35,2068,22,10,9,MF,,,,
Leon Chiwome,2023-2024,17.0,England,Wolves,3,174,2,0,0,FW,,,,
Luca Koleosho,2023-2024,18.0,Italy,Burnley,15,974,13,1,1,MF,,,,
Lucas Paquetá,2023-2024,25.0,Brazil,West Ham,31,2622,31,4,6,FW,,,,
Luis Díaz,2023-2024,26.0,Colombia,Liverpool,37,2629,32,8,5,FW,,,,
Luis Sinisterra,2023-2024,24.0,Colombia,Bournemouth,20,699,7,2,2,FW,,,,
Lyle Foster,2023-2024,22.0,South Africa,Burnley,24,1899,22,5,3,FW,,,,
Manor Solomon,2023-2024,24.0,Israel,Tottenham,5,199,2,0,2,FW,,,,
Marcus Rashford,2023-2024,25.0,England,Manchester Utd,33,2271,26,7,2,FW,,,,
Marcus Tavernier,2023-2024,24.0,England,Bournemouth,30,2118,25,3,4,FW,,,,
Mark O'Mahony,2023-2024,18.0,Ireland,Brighton,3,63,1,0,0,FW,,,,
Mason Mount,2023-2024,24.0,England,Manchester Utd,14,516,5,1,0,MF,,,,
Matheus Cunha,2023-2024,24.0,Brazil,Wolves,32,2440,29,12,7,FW,,,,
Matheus França,2023-2024,19.0,Brazil,Crystal Palace,10,232,1,0,1,MF,,,,
Matt Ritchie,2023-2024,33.0,Scotland,Newcastle Utd,13,128,0,1,0,FW,,,,
Maxwel Cornet,2023-2024,26.0,Ivory Coast,West Ham,7,112,1,1,0,MF,,,,
Michael Obafemi,2023-2024,23.0,Ireland,Burnley,2,20,0,0,0,FW,,,,
Michael Olakigbe,2023-2024,19.0,England,Brentford,8,59,0,0,0,DF,,,,
Michael Olise,2023-2024,21.0,France,Crystal Palace,19,1275,14,10,6,FW,,,,
Michail Antonio,2023-2024,33.0,Jamaica,West Ham,26,1695,21,6,2,FW,,,,
Miguel Almirón,2023-2024,29.0,Paraguay,Newcastle Utd,33,1937,23,3,1,FW,,,,
Mike Trésor,2023-2024,24.0,Belgium,Burnley,16,420,3,0,0,FW,,,,
Mohamed Salah,2023-2024,31.0,Egypt,Liverpool,32,2534,28,18,10,FW,,,,
Mohammed Kudus,2023-2024,22.0,Ghana,West Ham,33,2484,27,8,6,FW,,,,
Morgan Gibbs-White,2023-2024,23.0,England,Nott'ham Forest,37,3156,35,5,10,MF,,,,
Morgan Rogers,2023-2024,21.0,England,Aston Villa,11,638,8,3,1,MF,,,,
Moussa Diaby,2023-2024,24.0,France,Aston Villa,38,2174,25,6,8,FW,,,,
Mykhailo Mudryk,2023-2024,22.0,Ukraine,Chelsea,31,1576,18,5,2,FW,,,,
Naouirou Ahamada,2023-2024,21.0,France,Crystal Palace,20,349,0,0,0,MF,,,,
Nathan Fraser,2023-2024,18.0,Ireland,Wolves,7,186,1,0,0,FW,,,,
Neal Maupay,2023-2024,26.0,France,2 Teams,31,1432,14,6,3,FW,,,,
Nicolas Jackson,2023-2024,22.0,Senegal,Chelsea,35,2799,31,14,5,FW,,,,
Nicolás Domínguez,2023-2024,25.0,Argentina,Nott'ham Forest,26,1495,19,2,2,MF,,,,
Nicolò Zaniolo,2023-2024,24.0,Italy,Aston Villa,25,839,9,2,0,FW,,,,
Noni Madueke,2023-2024,21.0,England,Chelsea,23,1053,13,5,2,FW,,,,
Odsonne Édouard,2023-2024,25.0,France,Crystal Palace,30,1555,17,7,0,FW,,,,
Oliver McBurnie,2023-2024,27.0,Scotland,Sheffield Utd,21,1280,15,6,3,FW,,,,
Ollie Watkins,2023-2024,27.0,England,Aston Villa,37,3217,37,19,13,FW,,,,
Omari Forson,2023-2024,19.0,England,Manchester Utd,4,70,1,0,1,FW,,,,
Omari Kellyman,2023-2024,17.0,England,Aston Villa,2,37,0,0,0,FW,,,,
Oscar Bobb,2023-2024,20.0,Norway,Manchester City,14,302,2,1,1,FW,,,,
Pablo Fornals,2023-2024,27.0,Spain,West Ham,15,426,4,0,0,MF,,,,
Pablo Sarabia,2023-2024,31.0,Spain,Wolves,30,1745,20,4,7,MF,,,,
Pedro Neto,2023-2024,23.0,Portugal,Wolves,20,1516,18,2,9,FW,,,,
Phil Foden,2023-2024,23.0,England,Manchester City,35,2857,33,19,8,FW,,,,
Philippe Coutinho,2023-2024,31.0,Brazil,Aston Villa,2,25,0,0,0,MF,,,,
Raheem Sterling,2023-2024,28.0,England,Chelsea,31,1978,22,8,4,FW,,,,
Rasmus Højlund,2023-2024,20.0,Denmark,Manchester Utd,30,2158,25,10,2,FW,,,,
Raúl Jiménez,2023-2024,32.0,Mexico,Fulham,24,1395,18,7,0,FW,,,,
Reiss Nelson,2023-2024,23.0,England,Arsenal,15,268,1,0,0,FW,,,,
Rhian Brewster,2023-2024,23.0,England,Sheffield Utd,13,346,3,0,0,FW,,,,
Richarlison,2023-2024,26.0,Brazil,Tottenham,28,1491,18,11,4,FW,,,,
Rodrigo Muniz,2023-2024,22.0,Brazil,Fulham,26,1593,18,9,1,FW,,,,
Romain Faivre,2023-2024,25.0,France,Bournemouth,5,41,0,0,0,MF,,,,
Sasa Kalajdzic,2023-2024,26.0,Austria,Wolves,11,166,1,2,0,FW,,,,
Saïd Benrahma,2023-2024,27.0,Algeria,West Ham,13,620,5,0,1,FW,,,,
Scott McTominay,2023-2024,26.0,Scotland,Manchester Utd,32,1901,18,7,1,MF,,,,
Sergio Gómez,2023-2024,22.0,Spain,Manchester City,6,53,0,0,1,FW,,,,
Simon Adingra,2023-2024,21.0,Ivory Coast,Brighton,31,2222,25,6,1,FW,,,,
Solly March,2023-2024,29.0,England,Brighton,7,554,7,3,1,FW,,,,
Son Heung-min,2023-2024,31.0,South Korea,Tottenham,35,2934,34,17,10,FW,,,,
Tahith Chong,2023-2024,23.0,CUW,Luton Town,33,1982,20,4,0,MF,,,,
Taiwo Awoniyi,2023-2024,25.0,Nigeria,Nott'ham Forest,20,1042,12,6,3,FW,,,,
Tariq Lamptey,2023-2024,22.0,Ghana,Brighton,19,914,10,0,3,DF,,,,
Tawanda Chirewa,2023-2024,19.0,Zimbabwe,Wolves,8,145,1,0,0,MF,,,,
Timo Werner,2023-2024,27.0,Germany,Tottenham,13,809,10,2,3,FW,,,,
Valentín Barco,2023-2024,19.0,Argentina,Brighton,6,307,3,0,0,DF,,,,
William Osula,2023-2024,19.0,Denmark,Sheffield Utd,21,786,9,0,0,FW,,,,
Willian,2023-2024,34.0,Brazil,Fulham,31,2053,24,4,2,FW,,,,
Wilson Odobert,2023-2024,18.0,France,Burnley,29,2098,25,3,2,MF,,,,
Yoane Wissa,2023-2024,26.0,DR Congo,Brentford,34,2493,29,12,3,FW,,,,
Youri Tielemans,2023-2024,26.0,Belgium,Aston Villa,32,1622,17,2,6,MF,,,,
Youssef Chermiti,2023-2024,19.0,Portugal,Everton,18,208,1,0,0,FW,,,,
Zeki Amdouni,2023-2024,22.0,Switzerland,Burnley,34,1953,27,5,1,FW,,,,
Aaron Ramsdale,2023-2024,25.0,England,Arsenal,6,540,6,0,0,GK,,,,
Adam Davies,2023-2024,31.0,Wales,Sheffield Utd,0,,0,,,GK,,,,
Alfie Whiteman,2023-2024,24.0,England,Tottenham,0,,0,,,GK,,,,
Alisson,2023-2024,30.0,Brazil,Liverpool,28,2520,28,0,0,GK,,,,
Alphonse Areola,2023-2024,30.0,France,West Ham,31,2699,31,0,0,GK,,,,
Altay Bayındır,2023-2024,25.0,Turkey,Manchester Utd,0,,0,,,GK,,,,
André Onana,2023-2024,27.0,Cameroon,Manchester Utd,38,3420,38,0,0,GK,,,,
Andy Lonergan,2023-2024,39.0,Ireland,Everton,0,,0,,,GK,,,,
Arijanet Muric,2023-2024,24.0,Kosovo,Burnley,10,900,10,0,0,GK,,,,
Bart Verbruggen,2023-2024,20.0,Netherlands,Brighton,21,1890,21,0,0,GK,,,,
Bernd Leno,2023-2024,31.0,Germany,Fulham,38,3420,38,0,0,GK,,,,
Brandon Austin,2023-2024,24.0,England,Tottenham,0,,0,,,GK,,,,
Callan Mckenna,2023-2024,16.0,Scotland,Bournemouth,0,,0,,,GK,,,,
Caoimhín Kelleher,2023-2024,24.0,Ireland,Liverpool,10,900,10,0,0,GK,,,,
Daniel Bentley,2023-2024,30.0,England,Wolves,5,383,3,0,0,GK,,,,
Darren Randolph,2023-2024,36.0,Ireland,Bournemouth,0,,0,,,GK,,,,
David Raya,2023-2024,27.0,Spain,Arsenal,32,2880,32,0,0,GK,,,,
Dean Henderson,2023-2024,26.0,England,2 Teams,18,1620,18,0,0,GK,,,,
Dermot Mee,2023-2024,20.0,Northern Ireland,Manchester Utd,0,,0,,,GK,,,,
Eddie Beach,2023-2024,19.0,Wales,Chelsea,0,,0,,,GK,,,,
Ederson,2023-2024,29.0,Brazil,Manchester City,33,2785,33,0,0,GK,,,,
Emiliano Martínez,2023-2024,30.0,Argentina,Aston Villa,34,3015,34,0,0,GK,,,,
Ethan Horvath,2023-2024,28.0,United States,Nott'ham Forest,0,,0,,,GK,,,,
Fabian Mrozek,2023-2024,19.0,Poland,Liverpool,0,,0,,,GK,,,,
Filip Marschall,2023-2024,20.0,England,Aston Villa,0,,0,,,GK,,,,
Fraser Forster,2023-2024,35.0,England,Tottenham,0,,0,,,GK,,,,
Guglielmo Vicario,2023-2024,26.0,Italy,Tottenham,38,3420,38,0,0,GK,,,,
Hákon Valdimarsson,2023-2024,21.0,Iceland,Brentford,0,,0,,,GK,,,,
Ionuț Radu,2023-2024,26.0,Romania,Bournemouth,2,180,2,0,0,GK,,,,
Ivo Grbić,2023-2024,27.0,Croatia,Sheffield Utd,9,771,9,0,0,GK,,,,
James Shea,2023-2024,32.0,England,Luton Town,1,15,0,0,0,GK,,,,
James Trafford,2023-2024,20.0,England,Burnley,28,2520,28,0,0,GK,,,,
James Wright,2023-2024,18.0,England,Aston Villa,0,,0,,,GK,,,,
Jason Steele,2023-2024,32.0,England,Brighton,17,1530,17,0,0,GK,,,,
Joe Gauci,2023-2024,23.0,Australia,Aston Villa,0,,0,,,GK,,,,
Jordan Amissah,2023-2024,21.0,Ghana,Sheffield Utd,0,,0,,,GK,,,,
Jordan Pickford,2023-2024,29.0,England,Everton,38,3420,38,0,0,GK,,,,
Joseph Anang,2023-2024,23.0,Ghana,West Ham,0,,0,,,GK,,,,
Joseph Whitworth,2023-2024,19.0,England,Crystal Palace,0,,0,,,GK,,,,
José Sá,2023-2024,30.0,Portugal,Wolves,35,3037,35,0,1,GK,,,,
João Virgínia,2023-2024,23.0,Portugal,Everton,0,,0,,,GK,,,,
Karl Jakob Hein,2023-2024,21.0,Estonia,Arsenal,0,,0,,,GK,,,,
Lander Emery,2023-2024,20.0,England,Aston Villa,0,,0,,,GK,,,,
Lawrence Vigouroux,2023-2024,29.0,Chile,Burnley,0,,0,,,GK,,,,
Loris Karius,2023-2024,30.0,Germany,Newcastle Utd,1,90,1,0,0,GK,,,,
Lucas Bergström,2023-2024,20.0,Finland,Chelsea,0,,0,,,GK,,,,
Marcelo Pitaluga,2023-2024,20.0,Brazil,Liverpool,0,,0,,,GK,,,,
Marcus Bettinelli,2023-2024,31.0,England,Chelsea,0,0,0,0,0,GK,,,,
Marek Rodák,2023-2024,26.0,Slovakia,Fulham,0,0,0,0,0,GK,,,,
Mark Flekken,2023-2024,30.0,Netherlands,Brentford,37,3285,37,0,1,GK,,,,
Mark Travers,2023-2024,24.0,Ireland,Bournemouth,4,360,4,0,0,GK,,,,
Martin Dúbravka,2023-2024,34.0,Slovakia,Newcastle Utd,23,1985,22,0,0,GK,,,,
Matt Turner,2023-2024,29.0,United States,Nott'ham Forest,17,1530,17,0,0,GK,,,,
Matz Sels,2023-2024,31.0,Belgium,Nott'ham Forest,16,1440,16,0,0,GK,,,,
Neto,2023-2024,34.0,Brazil,Bournemouth,32,2880,32,0,0,GK,,,,
Nick Pope,2023-2024,31.0,England,Newcastle Utd,15,1345,15,0,0,GK,,,,
Odysseas Vlachodimos,2023-2024,29.0,Greece,Nott'ham Forest,5,450,5,0,0,GK,,,,
Oliwier Zych,2023-2024,19.0,Poland,Aston Villa,0,,0,,,GK,,,,
Radek Vítek,2023-2024,19.0,,Manchester Utd,0,,0,,,GK,,,,
Remi Matthews,2023-2024,29.0,England,Crystal Palace,1,4,0,0,0,GK,,,,
Robert Sánchez,2023-2024,25.0,Spain,Chelsea,16,1433,16,0,0,GK,,,,
Robin Olsen,2023-2024,33.0,Sweden,Aston Villa,5,405,4,0,0,GK,,,,
Sam Johnstone,2023-2024,30.0,England,Crystal Palace,20,1796,20,0,0,GK,,,,
Sam Proctor,2023-2024,16.0,England,Aston Villa,0,,0,,,GK,,,,
Scott Carson,2023-2024,37.0,England,Manchester City,0,,0,,,GK,,,,
Stefan Ortega,2023-2024,30.0,Germany,Manchester City,9,635,5,0,0,GK,,,,
Teddy Sharman,2023-2024,20.0,England,Chelsea,0,,0,,,GK,,,,
Thomas Kaminski,2023-2024,30.0,Belgium,Luton Town,38,3405,38,0,0,GK,,,,
Thomas Strakosha,2023-2024,28.0,Albania,Brentford,2,135,1,0,0,GK,,,,
Tom Heaton,2023-2024,37.0,England,Manchester Utd,0,,0,,,GK,,,,
Tom King,2023-2024,28.0,Wales,Wolves,0,,0,,,GK,,,,
Vincent Angelini,2023-2024,19.0,Scotland,Brentford,0,,0,,,GK,,,,
Wayne Hennessey,2023-2024,36.0,Wales,Nott'ham Forest,0,,0,,,GK,,,,
Wes Foderingham,2023-2024,32.0,England,Sheffield Utd,30,2649,29,0,0,GK,,,,
William Crellin,2023-2024,23.0,England,Everton,0,,0,,,GK,,,,
Đorđe Petrović,2023-2024,23.0,Serbia,Chelsea,23,1987,22,0,0,GK,,,,
Łukasz Fabiański,2023-2024,38.0,Poland,West Ham,10,721,7,0,0,GK,,,,
Aaron Ramsey,2023-2024,20.0,England,Burnley,14,527,5,0,0,MF,,,,
Abdoulaye Doucouré,2023-2024,30.0,Mali,Everton,32,2629,32,7,1,FW,,,,
Adam Lallana,2023-2024,35.0,England,Brighton,25,850,13,0,1,MF,,,,
Adam Wharton,2023-2024,19.0,England,Crystal Palace,16,1297,15,0,3,MF,,,,
Adama Traoré,2023-2024,27.0,Spain,Fulham,17,377,1,2,3,FW,,,,
Albert Sambi Lokonga,2023-2024,23.0,Belgium,Luton Town,17,1303,16,1,3,MF,,,,
Alex Iwobi,2023-2024,27.0,Nigeria,2 Teams,32,2332,27,5,2,MF,,,,
Alex Scott,2023-2024,19.0,England,Bournemouth,23,1014,11,1,1,MF,,,,
Alexis Mac Allister,2023-2024,24.0,Argentina,Liverpool,33,2599,31,5,5,MF,,,,
Amad Diallo,2023-2024,21.0,Ivory Coast,Manchester Utd,9,390,3,1,1,FW,,,,
Amadou Onana,2023-2024,21.0,Belgium,Everton,30,2091,23,2,0,MF,,,,
Anass Zaroury,2023-2024,22.0,Morocco,Burnley,6,152,1,0,0,FW,,,,
Andre Brooks,2023-2024,19.0,England,Sheffield Utd,20,938,12,0,0,MF,,,,
Andreas Pereira,2023-2024,27.0,Brazil,Fulham,37,2613,34,3,7,MF,,,,
Andrey Santos,2023-2024,19.0,Brazil,2 Teams,1,8,0,0,0,MF,,,,
Andros Townsend,2023-2024,32.0,England,Luton Town,27,1210,14,1,3,MF,,,,
André Gomes,2023-2024,30.0,Portugal,Everton,12,508,3,1,0,MF,,,,
Anis Ben Slimane,2023-2024,22.0,Tunisia,Sheffield Utd,15,419,4,0,0,MF,,,,
Ansu Fati,2023-2024,20.0,Spain,Brighton,19,521,3,2,0,MF,,,,
Anthony Elanga,2023-2024,21.0,Sweden,Nott'ham Forest,36,2433,25,5,9,FW,,,,
Arnaut Danjuma,2023-2024,26.0,Netherlands,Everton,14,595,5,1,0,MF,,,,
Ashley Young,2023-2024,38.0,England,Everton,31,2280,27,0,0,DF,,,,
Ben Brereton,2023-2024,24.0,Chile,Sheffield Utd,14,1105,14,6,1,FW,,,,
Ben Osborn,2023-2024,28.0,England,Sheffield Utd,24,1367,14,0,2,DF,,,,
Benson Manuel,2023-2024,26.0,Angola,Burnley,8,116,1,0,0,MF,,,,
Bernardo Silva,2023-2024,28.0,Portugal,Manchester City,33,2578,29,6,9,MF,,,,
Billy Gilmour,2023-2024,22.0,Scotland,Brighton,30,2120,24,0,1,MF,,,,
Bobby Clark,2023-2024,18.0,England,Liverpool,5,89,1,0,0,MF,,,,
Boubacar Kamara,2023-2024,23.0,France,Aston Villa,20,1652,20,0,1,MF,,,,
Boubacar Traoré,2023-2024,21.0,Mali,Wolves,24,819,7,0,0,MF,,,,
Brennan Johnson,2023-2024,22.0,Wales,Nott'ham Forest,3,237,3,0,0,FW,,,,
Bruno Fernandes,2023-2024,28.0,Portugal,Manchester Utd,35,3118,35,10,8,MF,,,,
Bruno Guimarães,2023-2024,25.0,Brazil,Newcastle Utd,37,3263,37,7,8,MF,,,,
Bryan Gil,2023-2024,22.0,Spain,Tottenham,11,209,2,0,0,FW,,,,
Bénie Traoré,2023-2024,20.0,Ivory Coast,Sheffield Utd,8,387,3,0,0,FW,,,,
Callum Hudson-Odoi,2023-2024,22.0,England,Nott'ham Forest,29,1854,20,8,1,FW,,,,
Calum Chambers,2023-2024,28.0,England,Aston Villa,5,152,1,0,1,MF,,,,
Cameron Archer,2023-2024,22.0,England,2 Teams,30,1838,21,4,1,FW,,,,
Carlos Baleba,2023-2024,19.0,Cameroon,Brighton,27,1325,15,0,0,MF,,,,
Carlton Morris,2023-2024,27.0,England,Luton Town,38,2862,32,11,4,FW,,,,
Carney Chukwuemeka,2023-2024,19.0,England,Chelsea,9,227,2,1,1,MF,,,,
Casemiro,2023-2024,31.0,Brazil,Manchester Utd,25,1982,24,1,2,MF,,,,
Cauley Woodrow,2023-2024,28.0,England,Luton Town,24,427,2,1,1,FW,,,,
Cesare Casadei,2023-2024,20.0,Italy,Chelsea,11,79,0,0,0,FW,,,,
Cheick Doucouré,2023-2024,23.0,Mali,Crystal Palace,11,919,11,0,0,MF,,,,
Cheikhou Kouyaté,2023-2024,33.0,Senegal,Nott'ham Forest,12,212,2,0,0,MF,,,,
Chiedozie Ogbene,2023-2024,26.0,Ireland,Luton Town,30,1995,20,4,1,MF,,,,
Chris Basham,2023-2024,35.0,England,Sheffield Utd,8,321,3,0,0,DF,,,,
Chris Richards,2023-2024,23.0,United States,Crystal Palace,26,2094,23,1,1,DF,,,,
Christian Eriksen,2023-2024,31.0,Denmark,Manchester Utd,22,1141,12,1,2,MF,,,,
Christian Nørgaard,2023-2024,29.0,Denmark,Brentford,31,2505,30,2,1,MF,,,,
Christopher Nkunku,2023-2024,25.0,France,Chelsea,11,443,2,3,0,FW,,,,
Cody Gakpo,2023-2024,24.0,Netherlands,Liverpool,35,1649,17,8,5,FW,,,,
Cole Palmer,2023-2024,21.0,England,2 Teams,34,2618,29,22,11,FW,,,,
Conor Gallagher,2023-2024,23.0,England,Chelsea,37,3128,37,5,7,MF,,,,
Curtis Jones,2023-2024,22.0,England,Liverpool,23,1167,14,1,1,MF,,,,
Daniel Muñoz,2023-2024,27.0,Colombia,Crystal Palace,16,1439,16,0,4,DF,,,,
Danilo,2023-2024,22.0,Brazil,Nott'ham Forest,29,1792,20,2,2,MF,,,,
Danny Welbeck,2023-2024,32.0,England,Brighton,29,1693,21,5,1,FW,,,,
David Brooks,2023-2024,26.0,Wales,Bournemouth,13,282,2,1,1,FW,,,,
David Ozoh,2023-2024,18.0,England,Crystal Palace,9,156,0,0,0,MF,,,,
Declan Rice,2023-2024,24.0,England,Arsenal,38,3225,37,7,8,MF,,,,
Dejan Kulusevski,2023-2024,23.0,Sweden,Tottenham,36,2762,31,8,3,FW,,,,
Dominik Szoboszlai,2023-2024,22.0,Hungary,Liverpool,33,2104,25,3,2,MF,,,,
Douglas Luiz,2023-2024,25.0,Brazil,Aston Villa,35,2993,35,9,5,MF,,,,
Dwight McNeil,2023-2024,23.0,England,Everton,35,2892,33,3,6,MF,,,,
Eberechi Eze,2023-2024,25.0,England,Crystal Palace,27,2055,24,11,4,MF,,,,
Edson Álvarez,2023-2024,25.0,Mexico,West Ham,31,2377,28,1,1,MF,,,,
Elliot Anderson,2023-2024,20.0,England,Newcastle Utd,21,1027,10,0,2,MF,,,,
Emile Smith Rowe,2023-2024,23.0,England,Arsenal,13,353,3,0,1,MF,,,,
Enes Ünal,2023-2024,26.0,Turkey,Bournemouth,16,328,2,2,2,FW,,,,
Enso Gonzalez,2023-2024,18.0,Paraguay,Wolves,1,1,0,0,0,MF,,,,
Enzo Fernández,2023-2024,22.0,Argentina,Chelsea,28,2209,26,3,2,MF,,,,
Fabio Vieira,2023-2024,23.0,Portugal,Arsenal,11,297,2,1,2,MF,,,,
Facundo Buonanotte,2023-2024,18.0,Argentina,Brighton,27,1364,17,3,1,FW,,,,
Facundo Pellistri,2023-2024,21.0,Uruguay,Manchester Utd,9,172,1,0,1,FW,,,,
Fodé Ballo-Touré,2023-2024,26.0,Senegal,Fulham,6,71,0,0,0,DF,,,,
Frank Onyeka,2023-2024,25.0,Nigeria,Brentford,26,1161,11,1,2,MF,,,,
Fred Onyedinma,2023-2024,26.0,England,Luton Town,8,407,4,0,0,DF,,,,
Gio Reyna,2023-2024,20.0,United States,Nott'ham Forest,9,235,2,0,1,FW,,,,
Giovani Lo Celso,2023-2024,27.0,Argentina,Tottenham,22,506,4,2,2,MF,,,,
Gustavo Hamer,2023-2024,26.0,Netherlands,Sheffield Utd,36,2910,34,4,6,MF,,,,
Hamed Junior Traorè,2023-2024,23.0,Ivory Coast,Bournemouth,3,47,0,0,0,MF,,,,
Han-Noah Massengo,2023-2024,22.0,France,Burnley,3,16,0,0,0,MF,,,,
Hannibal Mejbri,2023-2024,20.0,Tunisia,Manchester Utd,5,133,1,1,0,MF,,,,
Harrison Reed,2023-2024,28.0,England,Fulham,27,1325,15,0,2,MF,,,,
Harvey Barnes,2023-2024,25.0,England,Newcastle Utd,21,802,7,5,3,FW,,,,
Harvey Elliott,2023-2024,20.0,England,Liverpool,34,1352,11,3,6,MF,,,,
Hugo Bueno,2023-2024,20.0,Spain,Wolves,22,741,7,0,0,DF,,,,
Hwang Hee-chan,2023-2024,27.0,South Korea,Wolves,29,2119,25,12,3,FW,,,,
Ian Maatsen,2023-2024,21.0,Netherlands,Chelsea,12,209,1,0,0,FW,,,,
Ibrahim Sangaré,2023-2024,25.0,Ivory Coast,Nott'ham Forest,17,1035,13,0,0,MF,,,,
Idrissa Gana Gueye,2023-2024,33.0,Senegal,Everton,25,1884,24,4,0,MF,,,,
Jack Cork,2023-2024,34.0,England,Burnley,4,27,0,0,0,MF,,,,
Jack Grealish,2023-2024,27.0,England,Manchester City,20,1009,10,3,1,FW,,,,
Jack Harrison,2023-2024,26.0,England,Everton,29,2214,25,3,3,MF,,,,
Jacob Brown,2023-2024,25.0,Scotland,Luton Town,19,1019,12,2,0,MF,,,,
Jacob Bruun Larsen,2023-2024,24.0,Denmark,Burnley,32,1249,16,6,0,MF,,,,
Jacob Ramsey,2023-2024,22.0,England,Aston Villa,16,853,8,1,1,FW,,,,
Jadon Sancho,2023-2024,23.0,England,Manchester Utd,3,79,0,0,0,FW,,,,
Jakub Moder,2023-2024,24.0,Poland,Brighton,17,618,6,0,0,MF,,,,
James Garner,2023-2024,22.0,England,Everton,37,3004,34,1,2,MF,,,,
James Maddison,2023-2024,26.0,England,Tottenham,28,2135,26,4,9,MF,,,,
James McConnell,2023-2024,18.0,England,Liverpool,3,4,0,0,0,MF,,,,
James Mcatee,2023-2024,20.0,England,2 Teams,31,1823,20,3,3,MF,,,,
James Milner,2023-2024,37.0,England,Brighton,15,773,11,0,2,DF,,,,
James Ward-Prowse,2023-2024,28.0,England,West Ham,37,3001,34,7,7,MF,,,,
Jaïro Riedewald,2023-2024,26.0,Netherlands,Crystal Palace,9,235,2,0,0,MF,,,,
Jean-Ricner Bellegarde,2023-2024,25.0,Haiti,Wolves,22,958,10,2,1,MF,,,,
Jefferson Lerma,2023-2024,28.0,Colombia,Crystal Palace,28,2400,27,1,1,MF,,,,
Jeffrey Schlupp,2023-2024,30.0,Ghana,Crystal Palace,29,1352,17,2,2,FW,,,,
Jeremy Doku,2023-2024,21.0,Belgium,Manchester City,29,1595,18,3,8,FW,,,,
Jesurun Rak Sakyi,2023-2024,20.0,England,Crystal Palace,6,136,0,0,0,MF,,,,
Joe Rothwell,2023-2024,28.0,England,Bournemouth,11,386,3,0,0,MF,,,,
Joe White,2023-2024,20.0,England,Newcastle Utd,4,13,0,0,0,MF,,,,
Joe Willock,2023-2024,23.0,England,Newcastle Utd,9,419,5,1,0,MF,,,,
Joelinton,2023-2024,26.0,Brazil,Newcastle Utd,20,1279,15,2,1,MF,,,,
John Fleck,2023-2024,31.0,Scotland,Sheffield Utd,4,92,1,0,0,MF,,,,
John McGinn,2023-2024,28.0,Scotland,Aston Villa,35,2999,35,6,4,MF,,,,
John Stones,2023-2024,29.0,England,Manchester City,16,1064,12,1,0,DF,,,,
Jordan Ayew,2023-2024,31.0,Ghana,Crystal Palace,35,2543,30,4,7,FW,,,,
Jordan Clark,2023-2024,29.0,England,Luton Town,23,1304,14,1,1,MF,,,,
Jorginho,2023-2024,31.0,Italy,Arsenal,24,921,10,0,2,MF,,,,
Josh Brownhill,2023-2024,27.0,England,Burnley,33,2252,23,4,2,MF,,,,
Josh Cullen,2023-2024,27.0,Ireland,Burnley,25,2057,23,2,3,MF,,,,
João Gomes,2023-2024,22.0,Brazil,Wolves,34,2649,32,2,1,MF,,,,
João Palhinha,2023-2024,28.0,Portugal,Fulham,33,2699,31,4,1,MF,,,,
João Pedro,2023-2024,21.0,Brazil,Brighton,31,2045,19,9,3,FW,,,,
Julio Enciso,2023-2024,19.0,Paraguay,Brighton,12,475,5,0,2,MF,,,,
Julián Álvarez,2023-2024,23.0,Argentina,Manchester City,36,2647,31,11,8,MF,,,,
Justin Kluivert,2023-2024,24.0,Netherlands,Bournemouth,32,1916,26,7,1,MF,,,,
Jáder Durán,2023-2024,19.0,Colombia,Aston Villa,23,475,3,5,0,FW,,,,
Jóhann Berg Guðmundsson,2023-2024,32.0,Iceland,Burnley,26,1192,12,1,3,MF,,,,
Kai Havertz,2023-2024,24.0,Germany,Arsenal,37,2634,30,13,7,MF,,,,
Kalvin Phillips,2023-2024,27.0,England,2 Teams,12,402,3,0,0,MF,,,,
Kevin De Bruyne,2023-2024,32.0,Belgium,Manchester City,18,1221,15,4,10,MF,,,,
Kevin Schade,2023-2024,21.0,Germany,Brentford,11,333,3,2,1,FW,,,,
Kieffer Moore,2023-2024,30.0,Wales,Bournemouth,8,108,0,1,0,FW,,,,
Kobbie Mainoo,2023-2024,18.0,England,Manchester Utd,24,1924,24,3,1,MF,,,,
Leander Dendoncker,2023-2024,28.0,Belgium,Aston Villa,8,119,1,1,0,MF,,,,
Leandro Trossard,2023-2024,28.0,Belgium,Arsenal,34,1649,18,12,1,FW,,,,
Leon Bailey,2023-2024,25.0,Jamaica,Aston Villa,35,2068,22,10,9,MF,,,,
Lesley Ugochukwu,2023-2024,19.0,France,Chelsea,12,301,3,0,0,MF,,,,
Lewis Cook,2023-2024,26.0,England,Bournemouth,33,2786,32,0,3,MF,,,,
Lewis Dobbin,2023-2024,20.0,England,Everton,12,232,1,1,0,MF,,,,
Lewis Miley,2023-2024,17.0,England,Newcastle Utd,17,1202,14,1,3,MF,,,,
Luca Koleosho,2023-2024,18.0,Italy,Burnley,15,974,13,1,1,MF,,,,
Lucas Paquetá,2023-2024,25.0,Brazil,West Ham,31,2622,31,4,6,FW,,,,
Luis Sinisterra,2023-2024,24.0,Colombia,Bournemouth,20,699,7,2,2,FW,,,,
Luke Berry,2023-2024,31.0,England,Luton Town,17,323,2,2,1,MF,,,,
Luke Harris,2023-2024,18.0,Wales,Fulham,1,75,0,0,0,MF,,,,
Lyle Foster,2023-2024,22.0,South Africa,Burnley,24,1899,22,5,3,FW,,,,
Mahmoud Dahoud,2023-2024,27.0,Germany,Brighton,9,452,6,0,1,MF,,,,
Manuel Akanji,2023-2024,28.0,Switzerland,Manchester City,30,2511,28,2,0,DF,,,,
Mario Lemina,2023-2024,29.0,Gabon,Wolves,35,2968,34,4,1,MF,,,,
Martin Ødegaard,2023-2024,24.0,Norway,Arsenal,35,3091,35,8,10,MF,,,,
Marvelous Nakamba,2023-2024,29.0,Zimbabwe,Luton Town,13,1130,13,0,0,MF,,,,
Mason Mount,2023-2024,24.0,England,Manchester Utd,14,516,5,1,0,MF,,,,
Mateo Kovačić,2023-2024,29.0,Croatia,Manchester City,30,1551,16,1,0,MF,,,,
Matheus Cunha,2023-2024,24.0,Brazil,Wolves,32,2440,29,12,7,FW,,,,
Matheus França,2023-2024,19.0,Brazil,Crystal Palace,10,232,1,0,1,MF,,,,
Matheus Nunes,2023-2024,24.0,Portugal,2 Teams,19,840,9,0,2,MF,,,,
Mathias Jensen,2023-2024,27.0,Denmark,Brentford,32,2204,27,3,3,MF,,,,
Matt Doherty,2023-2024,31.0,Ireland,Wolves,30,1150,9,1,0,DF,,,,
Matt Ritchie,2023-2024,33.0,Scotland,Newcastle Utd,13,128,0,1,0,FW,,,,
Max Lowe,2023-2024,26.0,England,Sheffield Utd,10,503,4,0,0,DF,,,,
Maxwel Cornet,2023-2024,26.0,Ivory Coast,West Ham,7,112,1,1,0,MF,,,,
Michael Obafemi,2023-2024,23.0,Ireland,Burnley,2,20,0,0,0,FW,,,,
Michael Olise,2023-2024,21.0,France,Crystal Palace,19,1275,14,10,6,FW,,,,
Mike Trésor,2023-2024,24.0,Belgium,Burnley,16,420,3,0,0,FW,,,,
Mikey Moore,2023-2024,15.0,England,Tottenham,2,4,0,0,0,MF,,,,
Mikkel Damsgaard,2023-2024,23.0,Denmark,Brentford,23,842,7,0,2,MF,,,,
Mohamed Elneny,2023-2024,31.0,Egypt,Arsenal,3,28,0,0,0,MF,,,,
Mohammed Kudus,2023-2024,22.0,Ghana,West Ham,33,2484,27,8,6,FW,,,,
Moisés Caicedo,2023-2024,21.0,Ecuador,Chelsea,35,2866,33,1,3,MF,,,,
Morgan Gibbs-White,2023-2024,23.0,England,Nott'ham Forest,37,3156,35,5,10,MF,,,,
Morgan Rogers,2023-2024,21.0,England,Aston Villa,11,638,8,3,1,MF,,,,
Moussa Diaby,2023-2024,24.0,France,Aston Villa,38,2174,25,6,8,FW,,,,
Myles Peart-Harris,2023-2024,20.0,England,Brentford,3,13,0,0,0,DF,,,,
Naouirou Ahamada,2023-2024,21.0,France,Crystal Palace,20,349,0,0,0,MF,,,,
Nathan Redmond,2023-2024,29.0,England,Burnley,12,142,0,0,0,FW,,,,
Nicolás Domínguez,2023-2024,25.0,Argentina,Nott'ham Forest,26,1495,19,2,2,MF,,,,
Nicolò Zaniolo,2023-2024,24.0,Italy,Aston Villa,25,839,9,2,0,FW,,,,
Nélson Semedo,2023-2024,29.0,Portugal,Wolves,36,3084,36,0,1,DF,,,,
Odsonne Édouard,2023-2024,25.0,France,Crystal Palace,30,1555,17,7,0,FW,,,,
Oliver Arblaster,2023-2024,19.0,England,Sheffield Utd,12,943,11,0,0,MF,,,,
Oliver Norwood,2023-2024,32.0,Northern Ireland,Sheffield Utd,27,1440,16,1,0,MF,,,,
Oliver Skipp,2023-2024,22.0,England,Tottenham,21,707,5,0,0,MF,,,,
Orel Mangala,2023-2024,25.0,Belgium,Nott'ham Forest,20,1563,19,1,0,MF,,,,
Oscar Bobb,2023-2024,20.0,Norway,Manchester City,14,302,2,1,1,FW,,,,
Pablo Fornals,2023-2024,27.0,Spain,West Ham,15,426,4,0,0,MF,,,,
Pablo Sarabia,2023-2024,31.0,Spain,Wolves,30,1745,20,4,7,MF,,,,
Pape Matar Sarr,2023-2024,20.0,Senegal,Tottenham,34,2069,27,3,3,MF,,,,
Pascal Groß,2023-2024,32.0,Germany,Brighton,36,3114,34,4,10,MF,,,,
Pedro Neto,2023-2024,23.0,Portugal,Wolves,20,1516,18,2,9,FW,,,,
Pelly Ruddock Mpanzu,2023-2024,30.0,DR Congo,Luton Town,27,1101,11,0,0,MF,,,,
Phil Foden,2023-2024,23.0,England,Manchester City,35,2857,33,19,8,FW,,,,
Philip Billing,2023-2024,27.0,Denmark,Bournemouth,29,1398,13,2,2,MF,,,,
Philippe Coutinho,2023-2024,31.0,Brazil,Aston Villa,2,25,0,0,0,MF,,,,
Pierre Højbjerg,2023-2024,27.0,Denmark,Tottenham,36,1311,8,0,0,MF,,,,
Raheem Sterling,2023-2024,28.0,England,Chelsea,31,1978,22,8,4,FW,,,,
Rayan Aït-Nouri,2023-2024,22.0,Algeria,Wolves,33,2329,29,2,1,DF,,,,
Rhian Brewster,2023-2024,23.0,England,Sheffield Utd,13,346,3,0,0,FW,,,,
Rico Lewis,2023-2024,18.0,England,Manchester City,16,809,8,2,0,DF,,,,
Rodri,2023-2024,27.0,Spain,Manchester City,34,2931,34,8,9,MF,,,,
Rodrigo Bentancur,2023-2024,26.0,Uruguay,Tottenham,23,1005,13,1,1,MF,,,,
Rodrigo Ribeiro,2023-2024,18.0,Portugal,Nott'ham Forest,4,17,0,0,0,MF,,,,
Romain Faivre,2023-2024,25.0,France,Bournemouth,5,41,0,0,0,MF,,,,
Roméo Lavia,2023-2024,19.0,Belgium,Chelsea,1,33,0,0,0,MF,,,,
Ross Barkley,2023-2024,29.0,England,Luton Town,32,2618,30,5,4,MF,,,,
Ryan Christie,2023-2024,28.0,Scotland,Bournemouth,37,2907,35,0,5,MF,,,,
Ryan Giles,2023-2024,23.0,England,Luton Town,11,503,5,0,0,DF,,,,
Ryan Gravenberch,2023-2024,21.0,Netherlands,Liverpool,26,1121,12,1,0,MF,,,,
Ryan Yates,2023-2024,25.0,England,Nott'ham Forest,35,1992,21,1,1,MF,,,,
Sander Berge,2023-2024,25.0,Norway,Burnley,37,3005,34,1,2,MF,,,,
Sandro Tonali,2023-2024,23.0,Italy,Newcastle Utd,8,438,5,1,0,MF,,,,
Saïd Benrahma,2023-2024,27.0,Algeria,West Ham,13,620,5,0,1,FW,,,,
Saša Lukić,2023-2024,26.0,Serbia,Fulham,24,1122,13,1,0,MF,,,,
Scott McTominay,2023-2024,26.0,Scotland,Manchester Utd,32,1901,18,7,1,MF,,,,
Sean Longstaff,2023-2024,25.0,England,Newcastle Utd,35,2747,30,6,2,MF,,,,
Serge Aurier,2023-2024,30.0,Ivory Coast,Nott'ham Forest,12,833,10,0,2,DF,,,,
Sergio Gómez,2023-2024,22.0,Spain,Manchester City,6,53,0,0,1,FW,,,,
Shandon Baptiste,2023-2024,25.0,GRN,Brentford,10,229,2,1,1,MF,,,,
Sofyan Amrabat,2023-2024,26.0,Morocco,Manchester Utd,21,938,10,0,0,MF,,,,
Stefan Bajcetic,2023-2024,18.0,Spain,Liverpool,1,26,0,0,0,MF,,,,
Tahith Chong,2023-2024,23.0,CUW,Luton Town,33,1982,20,4,0,MF,,,,
Tawanda Chirewa,2023-2024,19.0,Zimbabwe,Wolves,8,145,1,0,0,MF,,,,
Thiago Alcántara,2023-2024,32.0,Spain,Liverpool,1,6,0,0,0,MF,,,,
Thilo Kehrer,2023-2024,26.0,Germany,West Ham,4,22,0,0,0,DF,,,,
Thomas Partey,2023-2024,30.0,Ghana,Arsenal,14,788,9,0,0,MF,,,,
Tim Iroegbunam,2023-2024,20.0,England,Aston Villa,9,164,1,0,0,MF,,,,
Tom Cairney,2023-2024,32.0,Scotland,Fulham,34,1488,14,1,4,MF,,,,
Tom Davies,2023-2024,25.0,England,Sheffield Utd,9,221,2,0,0,MF,,,,
Tommy Doyle,2023-2024,21.0,England,Wolves,26,1222,11,0,0,MF,,,,
Tomáš Souček,2023-2024,28.0,Czech Republic,West Ham,37,2870,34,7,2,MF,,,,
Tyler Adams,2023-2024,24.0,United States,Bournemouth,3,121,1,0,0,MF,,,,
Tyrick Mitchell,2023-2024,23.0,England,Crystal Palace,37,3204,37,2,3,DF,,,,
Vinicius Souza,2023-2024,24.0,Brazil,Sheffield Utd,36,2668,29,1,0,MF,,,,
Vitaly Janelt,2023-2024,25.0,Germany,Brentford,38,3054,37,1,3,MF,,,,
Vitinho,2023-2024,24.0,Brazil,Burnley,32,2314,26,0,2,DF,,,,
Wataru Endo,2023-2024,30.0,Japan,Liverpool,29,1722,20,1,0,MF,,,,
Will Hughes,2023-2024,28.0,England,Crystal Palace,30,1891,23,0,1,MF,,,,
Wilson Odobert,2023-2024,18.0,France,Burnley,29,2098,25,3,2,MF,,,,
Yehor Yarmoliuk,2023-2024,19.0,Ukraine,Brentford,27,688,6,0,0,MF,,,,
Youri Tielemans,2023-2024,26.0,Belgium,Aston Villa,32,1622,17,2,6,MF,,,,
Yves Bissouma,2023-2024,26.0,Mali,Tottenham,28,2068,26,0,0,MF,,,,
Zack Nelson,2023-2024,18.0,England,Luton Town,2,7,0,0,0,MF,,,,
Aaron Hickey,2023-2024,21.0,Scotland,Brentford,9,713,9,0,0,DF,,,,
Aaron Wan-Bissaka,2023-2024,25.0,DR Congo,Manchester Utd,22,1780,20,0,2,DF,,,,
Adam Smith,2023-2024,32.0,England,Bournemouth,28,2150,25,0,2,DF,,,,
Adam Webster,2023-2024,28.0,England,Brighton,15,1144,13,0,0,DF,,,,
Alfie Doughty,2023-2024,23.0,England,Luton Town,37,2925,34,2,8,DF,,,,
Amari'i Bell,2023-2024,29.0,Jamaica,Luton Town,21,1720,21,0,0,DF,,,,
Ameen Al-Dakhil,2023-2024,21.0,Belgium,Burnley,13,1056,12,1,0,DF,,,,
Andre Brooks,2023-2024,19.0,England,Sheffield Utd,20,938,12,0,0,MF,,,,
Andrew Omobamidele,2023-2024,21.0,Ireland,Nott'ham Forest,11,783,8,0,0,DF,,,,
Andrew Robertson,2023-2024,29.0,Scotland,Liverpool,23,1693,18,3,2,DF,,,,
Anel Ahmedhodžić,2023-2024,24.0,Bosnia and Herzegovina,Sheffield Utd,31,2649,29,2,0,DF,,,,
Angelo Ogbonna,2023-2024,35.0,Italy,West Ham,11,635,7,0,0,DF,,,,
Antonee Robinson,2023-2024,25.0,United States,Fulham,37,3265,37,0,6,DF,,,,
Ashley Young,2023-2024,38.0,England,Everton,31,2280,27,0,0,DF,,,,
Auston Trusty,2023-2024,24.0,United States,Sheffield Utd,32,2572,28,0,0,DF,,,,
Axel Disasi,2023-2024,25.0,France,Chelsea,31,2579,29,2,0,DF,,,,
Ben Chilwell,2023-2024,26.0,England,Chelsea,13,756,9,0,1,DF,,,,
Ben Davies,2023-2024,30.0,Wales,Tottenham,17,1090,12,1,0,DF,,,,
Ben Godfrey,2023-2024,25.0,England,Everton,15,1120,13,0,0,DF,,,,
Ben Johnson,2023-2024,23.0,England,West Ham,14,544,4,0,0,DF,,,,
Ben Mee,2023-2024,33.0,England,Brentford,16,1272,15,2,0,DF,,,,
Ben Osborn,2023-2024,28.0,England,Sheffield Utd,24,1367,14,0,2,DF,,,,
Ben White,2023-2024,25.0,England,Arsenal,37,2988,35,4,4,DF,,,,
Benoît Badiashile,2023-2024,22.0,France,Chelsea,18,1338,15,0,1,DF,,,,
Calvin Bassey,2023-2024,23.0,Nigeria,Fulham,29,2303,25,1,0,DF,,,,
Casemiro,2023-2024,31.0,Brazil,Manchester Utd,25,1982,24,1,2,MF,,,,
Charlie Taylor,2023-2024,29.0,England,Burnley,28,2331,25,1,1,DF,,,,
Chiedozie Ogbene,2023-2024,26.0,Ireland,Luton Town,30,1995,20,4,1,MF,,,,
Chris Basham,2023-2024,35.0,England,Sheffield Utd,8,321,3,0,0,DF,,,,
Chris Mepham,2023-2024,25.0,Wales,Bournemouth,10,617,6,0,1,DF,,,,
Chris Richards,2023-2024,23.0,United States,Crystal Palace,26,2094,23,1,1,DF,,,,
Clément Lenglet,2023-2024,28.0,France,Aston Villa,14,1153,14,0,1,DF,,,,
Connor Roberts,2023-2024,27.0,Wales,Burnley,14,823,8,0,1,DF,,,,
Conor Bradley,2023-2024,20.0,Northern Ireland,Liverpool,11,753,10,1,3,DF,,,,
Craig Dawson,2023-2024,33.0,England,Wolves,25,2209,25,1,1,DF,,,,
Cristian Romero,2023-2024,25.0,Argentina,Tottenham,33,2790,33,5,0,DF,,,,
Daiki Hashioka,2023-2024,24.0,Japan,Luton Town,10,595,6,0,0,DF,,,,
Dan Burn,2023-2024,31.0,England,Newcastle Utd,33,2726,32,2,2,DF,,,,
Dango Ouattara,2023-2024,21.0,Burkina Faso,Bournemouth,30,1229,12,1,2,FW,,,,
Daniel Muñoz,2023-2024,27.0,Colombia,Crystal Palace,16,1439,16,0,4,DF,,,,
Dara O'Shea,2023-2024,24.0,Ireland,Burnley,33,2892,32,3,4,DF,,,,
David Ozoh,2023-2024,18.0,England,Crystal Palace,9,156,0,0,0,MF,,,,
Destiny Udogie,2023-2024,20.0,Italy,Tottenham,28,2391,28,2,3,DF,,,,
Diego Carlos,2023-2024,30.0,Brazil,Aston Villa,27,1816,20,0,0,DF,,,,
Diogo Dalot,2023-2024,24.0,Portugal,Manchester Utd,36,3174,35,2,3,DF,,,,
Emerson,2023-2024,24.0,Brazil,Tottenham,22,1161,11,1,0,DF,,,,
Emerson Palmieri,2023-2024,28.0,Italy,West Ham,36,3137,35,1,2,DF,,,,
Emil Krafth,2023-2024,28.0,Sweden,Newcastle Utd,17,913,8,0,0,DF,,,,
Ethan Pinnock,2023-2024,30.0,Jamaica,Brentford,29,2521,28,2,0,DF,,,,
Ezri Konsa,2023-2024,25.0,England,Aston Villa,35,3069,35,1,0,DF,,,,
Fabian Schär,2023-2024,31.0,Switzerland,Newcastle Utd,36,3054,35,4,1,DF,,,,
Felipe,2023-2024,34.0,Brazil,Nott'ham Forest,7,375,4,0,0,DF,,,,
Fred Onyedinma,2023-2024,26.0,England,Luton Town,8,407,4,0,0,DF,,,,
Gabriel Magalhães,2023-2024,25.0,Brazil,Arsenal,36,3044,34,4,0,DF,,,,
Gabriel Osho,2023-2024,24.0,Nigeria,Luton Town,21,1846,21,2,0,DF,,,,
George Baldock,2023-2024,30.0,Greece,Sheffield Utd,13,969,11,0,1,DF,,,,
Gonzalo Montiel,2023-2024,26.0,Argentina,Nott'ham Forest,14,801,8,0,2,DF,,,,
Hannes Delcroix,2023-2024,24.0,Haiti,Burnley,12,589,5,0,0,DF,,,,
Harry Maguire,2023-2024,30.0,England,Manchester Utd,22,1653,18,2,2,DF,,,,
Harry Toffolo,2023-2024,27.0,England,Nott'ham Forest,23,1459,15,1,3,DF,,,,
Hugo Bueno,2023-2024,20.0,Spain,Wolves,22,741,7,0,0,DF,,,,
Ibrahima Konaté,2023-2024,24.0,France,Liverpool,22,1574,17,0,0,DF,,,,
Igor,2023-2024,25.0,Brazil,Brighton,24,1637,17,0,0,DF,,,,
Illia Zabarnyi,2023-2024,20.0,Ukraine,Bournemouth,37,3330,37,1,0,DF,,,,
Issa Diop,2023-2024,26.0,France,Fulham,18,1424,16,0,0,DF,,,,
Issa Kaboré,2023-2024,22.0,Burkina Faso,Luton Town,24,1729,21,0,2,DF,,,,
Jack Hinshelwood,2023-2024,18.0,England,Brighton,12,869,8,3,0,DF,,,,
Jack Robinson,2023-2024,29.0,England,Sheffield Utd,34,2885,31,1,1,DF,,,,
Jacob Murphy,2023-2024,28.0,England,Newcastle Utd,21,1189,14,3,7,FW,,,,
Jakub Kiwior,2023-2024,23.0,Poland,Arsenal,20,946,11,1,3,DF,,,,
Jakub Moder,2023-2024,24.0,Poland,Brighton,17,618,6,0,0,MF,,,,
Jamaal Lascelles,2023-2024,29.0,England,Newcastle Utd,16,1080,13,1,0,DF,,,,
James Milner,2023-2024,37.0,England,Brighton,15,773,11,0,2,DF,,,,
James Tarkowski,2023-2024,30.0,England,Everton,38,3419,38,1,1,DF,,,,
Jan Paul van Hecke,2023-2024,23.0,Netherlands,Brighton,28,2369,26,0,0,DF,,,,
Jarell Quansah,2023-2024,20.0,England,Liverpool,17,1190,13,2,0,DF,,,,
Jarrad Branthwaite,2023-2024,21.0,England,Everton,35,3116,35,3,0,DF,,,,
Jayden Bogle,2023-2024,23.0,England,Sheffield Utd,34,2788,32,3,0,DF,,,,
Jefferson Lerma,2023-2024,28.0,Colombia,Crystal Palace,28,2400,27,1,1,MF,,,,
Joachim Andersen,2023-2024,27.0,Denmark,Crystal Palace,38,3415,38,2,3,DF,,,,
Joe Gomez,2023-2024,26.0,England,Liverpool,32,1786,17,0,1,DF,,,,
Joel Ward,2023-2024,33.0,England,Crystal Palace,26,1980,23,0,1,DF,,,,
Jonny Evans,2023-2024,35.0,Northern Ireland,Manchester Utd,23,1392,15,0,1,DF,,,,
Jordan Beyer,2023-2024,23.0,Germany,Burnley,15,1234,15,0,1,DF,,,,
Joël Matip,2023-2024,31.0,Cameroon,Liverpool,10,781,9,0,0,DF,,,,
Joël Veltman,2023-2024,31.0,Netherlands,Brighton,27,1588,17,1,1,DF,,,,
Joško Gvardiol,2023-2024,21.0,Croatia,Manchester City,28,2328,26,4,1,DF,,,,
Keane Lewis-Potter,2023-2024,22.0,England,Brentford,30,1441,15,3,1,FW,,,,
Kenny Tete,2023-2024,27.0,Netherlands,Fulham,14,867,10,1,0,DF,,,,
Kieran Trippier,2023-2024,32.0,England,Newcastle Utd,28,2236,26,1,10,DF,,,,
Konstantinos Mavropanos,2023-2024,25.0,Greece,West Ham,19,1500,16,1,0,DF,,,,
Kostas Tsimikas,2023-2024,27.0,Greece,Liverpool,13,679,8,0,3,DF,,,,
Kristoffer Ajer,2023-2024,25.0,Norway,Brentford,28,1832,21,2,1,DF,,,,
Kurt Zouma,2023-2024,28.0,France,West Ham,33,2838,32,3,0,DF,,,,
Kyle Walker,2023-2024,33.0,England,Manchester City,32,2767,30,0,4,DF,,,,
Levi Colwill,2023-2024,20.0,England,Chelsea,23,1797,20,1,1,DF,,,,
Lewis Dunk,2023-2024,31.0,England,Brighton,33,2869,33,3,1,DF,,,,
Lewis Hall,2023-2024,18.0,England,Newcastle Utd,18,781,8,1,0,DF,,,,
Lisandro Martínez,2023-2024,25.0,Argentina,Manchester Utd,11,646,8,0,1,DF,,,,
Lloyd Kelly,2023-2024,24.0,England,Bournemouth,23,1559,17,0,1,DF,,,,
Lorenz Assignon,2023-2024,23.0,Togo,Burnley,15,1234,15,1,2,DF,,,,
Lucas Digne,2023-2024,30.0,France,Aston Villa,33,2410,27,1,3,DF,,,,
Luke Berry,2023-2024,31.0,England,Luton Town,17,323,2,2,1,MF,,,,
Luke Shaw,2023-2024,28.0,England,Manchester Utd,12,959,12,0,0,DF,,,,
Luke Thomas,2023-2024,22.0,England,Sheffield Utd,12,917,11,0,0,DF,,,,
Mads Roerslev,2023-2024,24.0,Denmark,Brentford,34,1985,22,1,2,DF,,,,
Malo Gusto,2023-2024,20.0,France,Chelsea,27,1751,19,0,6,DF,,,,
Manuel Akanji,2023-2024,28.0,Switzerland,Manchester City,30,2511,28,2,0,DF,,,,
Marc Cucurella,2023-2024,25.0,Spain,Chelsea,21,1782,20,0,2,DF,,,,
Marc Guéhi,2023-2024,23.0,England,Crystal Palace,25,2021,23,0,1,DF,,,,
Marcos Senesi,2023-2024,26.0,Argentina,Bournemouth,31,2242,26,4,5,DF,,,,
Mason Holgate,2023-2024,26.0,Jamaica,Sheffield Utd,10,710,9,0,0,DF,,,,
Mathias Jørgensen,2023-2024,33.0,Denmark,Brentford,14,1087,12,1,0,DF,,,,
Matt Doherty,2023-2024,31.0,Ireland,Wolves,30,1150,9,1,0,DF,,,,
Matty Cash,2023-2024,25.0,Poland,Aston Villa,29,2142,23,2,2,DF,,,,
Max Aarons,2023-2024,23.0,England,Bournemouth,20,1237,13,0,1,DF,,,,
Max Kilman,2023-2024,26.0,England,Wolves,38,3420,38,2,0,DF,,,,
Max Lowe,2023-2024,26.0,England,Sheffield Utd,10,503,4,0,0,DF,,,,
Maxime Estève,2023-2024,21.0,France,Burnley,16,1309,15,0,0,DF,,,,
Micky van de Ven,2023-2024,22.0,Netherlands,Tottenham,27,2339,27,3,0,DF,,,,
Milos Kerkez,2023-2024,19.0,Hungary,Bournemouth,28,1970,22,0,1,DF,,,,
Moussa Niakhate,2023-2024,27.0,Senegal,Nott'ham Forest,21,1460,15,1,0,DF,,,,
Murillo,2023-2024,21.0,Brazil,Nott'ham Forest,32,2789,32,0,2,DF,,,,
Nathan Aké,2023-2024,28.0,Netherlands,Manchester City,29,2042,24,2,2,DF,,,,
Nathan Collins,2023-2024,22.0,Ireland,Brentford,32,2652,29,1,1,DF,,,,
Nathan Patterson,2023-2024,21.0,Scotland,Everton,20,1005,9,0,2,DF,,,,
Nathaniel Clyne,2023-2024,32.0,England,Crystal Palace,19,1338,14,0,0,DF,,,,
Nayef Aguerd,2023-2024,27.0,Morocco,West Ham,21,1857,21,1,0,DF,,,,
Neco Williams,2023-2024,22.0,Wales,Nott'ham Forest,26,1637,18,0,1,DF,,,,
Nuno Tavares,2023-2024,23.0,Portugal,Nott'ham Forest,8,457,5,0,0,DF,,,,
Nélson Semedo,2023-2024,29.0,Portugal,Wolves,36,3084,36,0,1,DF,,,,
Ola Aina,2023-2024,26.0,Nigeria,Nott'ham Forest,22,1692,20,1,1,DF,,,,
Oleksandr Zinchenko,2023-2024,26.0,Ukraine,Arsenal,27,1722,20,1,2,DF,,,,
Oliver Skipp,2023-2024,22.0,England,Tottenham,21,707,5,0,0,MF,,,,
Pascal Groß,2023-2024,32.0,Germany,Brighton,36,3114,34,4,10,MF,,,,
Pau Torres,2023-2024,26.0,Spain,Aston Villa,29,2464,27,2,0,DF,,,,
Pedro Porro,2023-2024,23.0,Spain,Tottenham,35,3089,35,3,7,DF,,,,
Pervis Estupiñán,2023-2024,25.0,Ecuador,Brighton,19,1243,15,2,3,DF,,,,
Raphaël Varane,2023-2024,30.0,France,Manchester Utd,22,1375,16,1,0,DF,,,,
Rayan Aït-Nouri,2023-2024,22.0,Algeria,Wolves,33,2329,29,2,1,DF,,,,
Reece Burke,2023-2024,26.0,England,Luton Town,22,1660,20,0,4,DF,,,,
Reece James,2023-2024,23.0,England,Chelsea,10,419,5,0,2,DF,,,,
Rico Lewis,2023-2024,18.0,England,Manchester City,16,809,8,2,0,DF,,,,
Ryan Giles,2023-2024,23.0,England,Luton Town,11,503,5,0,0,DF,,,,
Rúben Dias,2023-2024,26.0,Portugal,Manchester City,30,2559,28,0,0,DF,,,,
Saman Ghoddos,2023-2024,29.0,Iran,Brentford,19,739,7,1,0,DF,,,,
Santiago Bueno,2023-2024,24.0,Uruguay,Wolves,12,822,9,0,0,DF,,,,
Serge Aurier,2023-2024,30.0,Ivory Coast,Nott'ham Forest,12,833,10,0,2,DF,,,,
Sergio Reguilón,2023-2024,26.0,Spain,2 Teams,25,1530,18,0,4,DF,,,,
Sofyan Amrabat,2023-2024,26.0,Morocco,Manchester Utd,21,938,10,0,0,MF,,,,
Solly March,2023-2024,29.0,England,Brighton,7,554,7,3,1,FW,,,,
Sven Botman,2023-2024,23.0,Netherlands,Newcastle Utd,17,1377,15,2,2,DF,,,,
Séamus Coleman,2023-2024,34.0,Ireland,Everton,12,665,7,0,0,DF,,,,
Takehiro Tomiyasu,2023-2024,24.0,Japan,Arsenal,22,1149,10,2,1,DF,,,,
Tariq Lamptey,2023-2024,22.0,Ghana,Brighton,19,914,10,0,3,DF,,,,
Teden Mengi,2023-2024,21.0,England,Luton Town,30,2469,28,1,0,DF,,,,
Thiago Silva,2023-2024,38.0,Brazil,Chelsea,31,2527,28,3,1,DF,,,,
Thomas Partey,2023-2024,30.0,Ghana,Arsenal,14,788,9,0,0,MF,,,,
Tim Ream,2023-2024,35.0,United States,Fulham,18,1503,17,1,0,DF,,,,
Timothy Castagne,2023-2024,27.0,Belgium,Fulham,34,2634,29,1,3,DF,,,,
Tom Lockyer,2023-2024,28.0,Wales,Luton Town,14,1169,14,1,1,DF,,,,
Tosin Adarabioyo,2023-2024,25.0,England,Fulham,20,1617,18,2,0,DF,,,,
Toti Gomes,2023-2024,24.0,Portugal,Wolves,35,2772,31,1,3,DF,,,,
Trent Alexander-Arnold,2023-2024,24.0,England,Liverpool,28,2155,25,3,4,DF,,,,
Trevoh Chalobah,2023-2024,24.0,England,Chelsea,13,952,10,1,0,DF,,,,
Tyrick Mitchell,2023-2024,23.0,England,Crystal Palace,37,3204,37,2,3,DF,,,,
Valentino Livramento,2023-2024,20.0,England,Newcastle Utd,26,1314,12,1,0,DF,,,,
Valentín Barco,2023-2024,19.0,Argentina,Brighton,6,307,3,0,0,DF,,,,
Victor Lindelöf,2023-2024,29.0,Sweden,Manchester Utd,19,1328,14,1,1,DF,,,,
Virgil van Dijk,2023-2024,32.0,Netherlands,Liverpool,36,3177,36,2,2,DF,,,,
Vitaliy Mykolenko,2023-2024,24.0,Ukraine,Everton,28,2469,28,2,0,DF,,,,
Vitaly Janelt,2023-2024,25.0,Germany,Brentford,38,3054,37,1,3,MF,,,,
Vitinho,2023-2024,24.0,Brazil,Burnley,32,2314,26,0,2,DF,,,,
Vladimír Coufal,2023-2024,30.0,Czech Republic,West Ham,36,3132,36,0,7,DF,,,,
William Saliba,2023-2024,22.0,France,Arsenal,38,3420,38,2,1,DF,,,,
Willy Boly,2023-2024,32.0,Ivory Coast,Nott'ham Forest,20,1438,18,2,1,DF,,,,
Yasser Larouci,2023-2024,22.0,Algeria,Sheffield Utd,11,531,6,0,0,DF,,,,
Álex Moreno,2023-2024,30.0,Spain,Aston Villa,21,1031,11,2,0,DF,,,,
