Player,Age,Nationality,Club,Value,Preferred Foot,Height,Weight,Season
Bruno Fernandes,27,Portugal,Manchester United,78500000,Right,179,69,2022-2023
K. De Bruyne,31,Belgium,Manchester City,107500000,Right,181,70,2022-2023
João Cancelo,28,Portugal,Manchester City,82500000,Right,182,74,2022-2023
I. Perišić,33,Croatia,Tottenham Hotspur,26500000,Right,186,80,2022-2023
T. Alexander-Arnold,23,England,Liverpool,100500000,Right,180,69,2022-2023
M. Salah,30,Egypt,Liverpool,115500000,Left,175,71,2022-2023
Thiago,31,Spain,Liverpool,55500000,Right,174,70,2022-2023
R. James,22,England,Chelsea,57000000,Right,178,87,2022-2023
L. Digne,28,France,Aston Villa,27500000,Left,178,74,2022-2023
K. Walker,32,England,Manchester City,37500000,Right,183,83,2022-2023
İ. Gündoğan,31,Germany,Manchester City,44000000,Right,180,80,2022-2023
H. Kane,28,England,Tottenham Hotspur,105500000,Right,188,89,2022-2023
J. Henderson,32,England,Liverpool,28500000,Right,182,80,2022-2023
Fred,29,Brazil,Manchester United,20500000,Left,169,62,2022-2023
Bernardo Silva,27,Portugal,Manchester City,97500000,Left,173,64,2022-2023
Diogo Jota,25,Portugal,Liverpool,76000000,Right,178,73,2022-2023
K. Trippier,31,England,Newcastle United,30500000,Right,173,71,2022-2023
Rúben Neves,25,Portugal,Wolverhampton Wanderers,47500000,Right,180,80,2022-2023
Fabinho,28,Brazil,Liverpool,77000000,Right,188,78,2022-2023
G. Lo Celso,26,Argentina,Tottenham Hotspur,31500000,Left,177,68,2022-2023
Roberto Firmino,30,Brazil,Liverpool,35500000,Right,181,76,2022-2023
Cristiano Ronaldo,37,Portugal,Manchester United,41000000,Right,187,83,2022-2023
N. Kanté,31,France,Chelsea,72000000,Right,168,70,2022-2023
A. Robertson,28,Scotland,Liverpool,72000000,Left,178,64,2022-2023
T. Partey,29,Ghana,Arsenal,36000000,Right,185,77,2022-2023
M. Kovačić,28,Croatia,Chelsea,42000000,Right,176,80,2022-2023
H. Son,29,Korea Republic,Tottenham Hotspur,101000000,Right,183,78,2022-2023
Marcos Alonso,31,Spain,Chelsea,12500000,Left,188,85,2022-2023
E. Buendía,25,Argentina,Aston Villa,26500000,Right,172,65,2022-2023
Y. Bissouma,25,Mali,Tottenham Hotspur,34500000,Right,182,80,2022-2023
Rodri,26,Spain,Manchester City,88500000,Right,191,82,2022-2023
O. Zinchenko,25,Ukraine,Arsenal,21500000,Left,175,64,2022-2023
Cucurella,23,Spain,Chelsea,34500000,Left,172,66,2022-2023
M. Cornet,25,Côte d'Ivoire,West Ham United,18500000,Left,179,69,2022-2023
Jorginho,30,Italy,Chelsea,51500000,Right,180,68,2022-2023
J. McGinn,27,Scotland,Aston Villa,20000000,Left,178,68,2022-2023
J. Milner,36,England,Liverpool,4400000,Right,175,70,2022-2023
J. Álvarez,22,Argentina,Manchester City,32000000,Right,173,71,2022-2023
E. Haaland,21,Norway,Manchester City,148000000,Left,195,94,2022-2023
L. Martínez,24,Argentina,Manchester United,35000000,Left,178,77,2022-2023
M. Mount,23,England,Chelsea,57500000,Right,180,74,2022-2023
D. van de Beek,25,Netherlands,Manchester United,25500000,Right,184,74,2022-2023
V. van Dijk,30,Netherlands,Liverpool,98000000,Right,193,92,2022-2023
João Moutinho,35,Portugal,Wolverhampton Wanderers,10500000,Right,170,61,2022-2023
Bruno Guimarães,24,Brazil,Newcastle United,38500000,Right,182,74,2022-2023
Richarlison,25,Brazil,Tottenham Hotspur,34500000,Right,181,71,2022-2023
M. Ødegaard,23,Norway,Arsenal,63500000,Left,178,68,2022-2023
A. Doucouré,29,Mali,Everton,17000000,Right,184,76,2022-2023
P. Højbjerg,26,Denmark,Tottenham Hotspur,40500000,Right,187,84,2022-2023
22 Fernandinho,36,Brazil,Manchester City,5000000,Right,179,67,2022-2023
R. Bentancur,25,Uruguay,Tottenham Hotspur,24500000,Right,187,73,2022-2023
B. Chilwell,25,England,Chelsea,37000000,Left,180,77,2022-2023
A. Oxlade-Chamberlain,28,England,Liverpool,10500000,Right,175,70,2022-2023
M. Antonio,32,Jamaica,West Ham United,14000000,Right,178,82,2022-2023
R. Sterling,27,England,Chelsea,72500000,Right,170,69,2022-2023
B. Saka,20,England,Arsenal,60500000,Left,178,65,2022-2023
K. Phillips,26,England,Manchester City,32000000,Right,178,72,2022-2023
E. Mwepu,24,Zambia,Brighton & Hove Albion,12000000,Right,184,76,2022-2023
Andreas Pereira,26,Brazil,Fulham,10000000,Right,177,70,2022-2023
K. Tierney,25,Scotland,Arsenal,33000000,Left,178,70,2022-2023
S. McTominay,25,Scotland,Manchester United,25000000,Right,193,88,2022-2023
M. Sanson,27,France,Aston Villa,8500000,Right,180,73,2022-2023
D. Kulusevski,22,Sweden,Tottenham Hotspur,41500000,Left,186,75,2022-2023
Lucas Moura,29,Brazil,Tottenham Hotspur,20500000,Right,174,70,2022-2023
N. Keïta,27,Guinea,Liverpool,29500000,Right,172,64,2022-2023
P. Foden,22,England,Manchester City,109500000,Left,171,69,2022-2023
L. Shaw,26,England,Manchester United,22500000,Left,181,75,2022-2023
Allan,31,Brazil,Everton,15000000,Right,175,74,2022-2023
H. Ziyech,29,Morocco,Chelsea,35500000,Left,181,65,2022-2023
Gabriel Jesus,25,Brazil,Arsenal,48500000,Right,175,73,2022-2023
T. Souček,27,Czech Republic,West Ham United,28000000,Right,192,86,2022-2023
Coutinho,30,Brazil,Aston Villa,29500000,Right,172,68,2022-2023
D. Rice,23,England,West Ham United,52000000,Right,185,80,2022-2023
R. Jiménez,31,Mexico,Wolverhampton Wanderers,25500000,Right,188,81,2022-2023
V. Coufal,29,Czech Republic,West Ham United,18500000,Right,175,76,2022-2023
M. Rashford,24,England,Manchester United,37000000,Right,186,70,2022-2023
A. Young,36,England,Aston Villa,1400000,Right,175,65,2022-2023
Pablo Fornals,26,Spain,West Ham United,21500000,Right,178,67,2022-2023
L. Dendoncker,27,Belgium,Wolverhampton Wanderers,8500000,Right,189,88,2022-2023
D. Núñez,23,Uruguay,Liverpool,61500000,Right,186,80,2022-2023
R. Mahrez,31,Algeria,Manchester City,56500000,Left,179,67,2022-2023
Azpilicueta,32,Spain,Chelsea,20000000,Right,178,77,2022-2023
22 G. Sigurðsson,31,Iceland,Everton,14500000,Right,186,77,2022-2023
J. Schlupp,29,Ghana,Crystal Palace,7500000,Left,178,72,2022-2023
D. Alli,26,England,Everton,14000000,Right,188,80,2022-2023
C. Gallagher,22,England,Chelsea,35500000,Right,182,77,2022-2023
T. Ndombele,25,France,Tottenham Hotspur,23000000,Right,179,76,2022-2023
L. Díaz,25,Colombia,Liverpool,56000000,Right,180,73,2022-2023
M. Cash,24,Poland,Aston Villa,24500000,Right,179,74,2022-2023
J. Lingard,29,England,Nottingham Forest,14000000,Right,175,60,2022-2023
17 J. Barton,33,England,Burnley,2500000,Right,180,70,2022-2023
21 David Luiz,33,Brazil,Arsenal,8500000,Right,189,86,2022-2023
J. Ramsey,21,England,Aston Villa,12500000,Right,180,72,2022-2023
Emerson,27,Italy,Chelsea,10000000,Left,176,79,2022-2023
A. Cresswell,32,England,West Ham United,9500000,Left,175,66,2022-2023
22 E. Cavani,34,Uruguay,Manchester United,15000000,Right,185,77,2022-2023
A. Westwood,32,England,Burnley,5000000,Right,175,73,2022-2023
Diogo Dalot,23,Portugal,Manchester United,21000000,Right,184,76,2022-2023
Douglas Luiz,24,Brazil,Aston Villa,19500000,Right,175,66,2022-2023
Gonçalo Guedes,25,Portugal,Wolverhampton Wanderers,41000000,Right,179,68,2022-2023
P. Groß,31,Germany,Brighton & Hove Albion,8500000,Right,181,78,2022-2023
J. Brownhill,26,England,Burnley,7500000,Right,180,69,2022-2023
L. Augustinsson,28,Sweden,Aston Villa,9500000,Left,181,72,2022-2023
Palhinha,26,Portugal,Fulham,28500000,Right,190,85,2022-2023
22 F. Delph,31,England,Everton,3900000,Left,174,78,2022-2023
J. Bryan,28,England,Fulham,2800000,Left,173,75,2022-2023
M. Ritchie,32,Scotland,Newcastle United,2400000,Left,172,76,2022-2023
J. Moder,23,Poland,Brighton & Hove Albion,9000000,Right,188,78,2022-2023
D. Ings,29,England,Aston Villa,17500000,Right,178,73,2022-2023
K. Tsimikas,26,Greece,Liverpool,12500000,Left,179,68,2022-2023
A. Mac Allister,23,Argentina,Brighton & Hove Albion,12000000,Right,176,72,2022-2023
Reguilón,25,Spain,Tottenham Hotspur,25500000,Left,178,68,2022-2023
J. Grealish,26,England,Manchester City,49500000,Right,180,81,2022-2023
Emerson Royal,23,Brazil,Tottenham Hotspur,18500000,Right,181,79,2022-2023
Thiago Silva,37,Brazil,Chelsea,12000000,Right,183,79,2022-2023
S. Coleman,33,Republic of Ireland,Everton,3900000,Right,177,77,2022-2023
M. Doherty,30,Republic of Ireland,Tottenham Hotspur,9000000,Right,182,87,2022-2023
W. Zaha,29,Côte d'Ivoire,Crystal Palace,30000000,Right,180,66,2022-2023
N. Vlašić,24,Croatia,West Ham United,21000000,Right,178,79,2022-2023
T. Malacia,22,Netherlands,Manchester United,26500000,Left,169,67,2022-2023
22 B. Mendy,26,France,Manchester City,19000000,Left,185,85,2022-2023
Kenedy,26,Brazil,Chelsea,9000000,Left,182,77,2022-2023
J. Willock,22,England,Newcastle United,12500000,Right,179,71,2022-2023
Joelinton,25,Brazil,Newcastle United,7500000,Right,186,81,2022-2023
C. Eriksen,30,Denmark,Manchester United,29000000,Right,181,76,2022-2023
A. Lallana,34,England,Brighton & Hove Albion,2600000,Right,178,73,2022-2023
I. Toney,26,England,Brentford,13000000,Right,187,76,2022-2023
Cédric,30,Portugal,Arsenal,4800000,Right,172,67,2022-2023
J. Bowen,25,England,West Ham United,28000000,Left,175,70,2022-2023
B. Davies,29,Wales,Tottenham Hotspur,14500000,Left,181,76,2022-2023
J. Ayew,30,Ghana,Crystal Palace,5500000,Right,182,81,2022-2023
E. Dier,28,England,Tottenham Hotspur,20000000,Right,190,90,2022-2023
O. Watkins,26,England,Aston Villa,18500000,Right,180,78,2022-2023
J. Guðmundsson,31,Iceland,Burnley,1900000,Left,179,77,2022-2023
R. Loftus-Cheek,26,England,Chelsea,9500000,Right,191,88,2022-2023
F. Schär,30,Switzerland,Newcastle United,8500000,Right,188,84,2022-2023
J. Shelvey,30,England,Newcastle United,10000000,Right,184,80,2022-2023
Jonny,28,Spain,Wolverhampton Wanderers,16000000,Right,170,70,2022-2023
B. Decordova-Reid,29,Jamaica,Fulham,4099999,Right,170,68,2022-2023
N. Aké,27,Netherlands,Manchester City,15000000,Left,180,75,2022-2023
André Gomes,28,Portugal,Everton,5500000,Right,188,84,2022-2023
J. Sancho,22,England,Manchester United,61500000,Right,180,76,2022-2023
M. Almirón,28,Paraguay,Newcastle United,14000000,Left,174,70,2022-2023
M. Lanzini,29,Argentina,West Ham United,17000000,Right,167,59,2022-2023
B. Mbeumo,22,Cameroon,Brentford,9000000,Left,171,75,2022-2023
B. Kamara,22,France,Aston Villa,31000000,Right,184,68,2022-2023
N. Pépé,27,Côte d'Ivoire,Arsenal,18500000,Left,183,73,2022-2023
S. Bastien,25,Congo DR,Burnley,2100000,Right,175,75,2022-2023
A. Martial,26,France,Manchester United,28000000,Right,184,76,2022-2023
A. Sambi Lokonga,22,Belgium,Arsenal,12500000,Right,183,73,2022-2023
22 M. Greenwood,19,England,Manchester United,38000000,Left,181,70,2022-2023
A. Maitland-Niles,24,England,Arsenal,6500000,Right,177,71,2022-2023
18 M. Carrick,35,England,Manchester United,3000000,Right,188,74,2022-2023
R. Barkley,28,England,Chelsea,7500000,Right,186,76,2022-2023
R. Fraser,28,Scotland,Newcastle United,7500000,Right,163,70,2022-2023
V. Janelt,24,Germany,Brentford,6500000,Left,184,79,2022-2023
H. Wilson,25,Wales,Fulham,10000000,Left,173,70,2022-2023
S. March,27,England,Brighton & Hove Albion,5500000,Left,180,77,2022-2023
O. Norwood,31,Northern Ireland,Sheffield United,2100000,Right,175,69,2022-2023
22 Willian,31,Brazil,Arsenal,11500000,Right,175,77,2022-2023
J. Dasilva,23,England,Brentford,4600000,Left,184,75,2022-2023
J. Stones,28,England,Manchester City,34500000,Right,188,76,2022-2023
J. Gbamin,26,Côte d'Ivoire,Everton,5500000,Right,186,83,2022-2023
O. Edouard,24,France,Crystal Palace,12000000,Right,187,83,2022-2023
A. Laporte,28,Spain,Manchester City,64500000,Left,191,85,2022-2023
C. Nørgaard,28,Denmark,Brentford,6500000,Right,187,77,2022-2023
C. Jones,21,England,Liverpool,17000000,Right,185,75,2022-2023
R. Sessegnon,22,England,Tottenham Hotspur,12000000,Left,178,70,2022-2023
C. Doucouré,22,Mali,Crystal Palace,10000000,Right,180,73,2022-2023
J. Cullen,26,Republic of Ireland,Burnley,6500000,Right,175,70,2022-2023
A. Campbell,23,Scotland,Luton Town,2500000,Right,175,74,2022-2023
H. Winks,26,England,Tottenham Hotspur,9000000,Right,176,65,2022-2023
L. Trossard,27,Belgium,Brighton & Hove Albion,18500000,Right,171,67,2022-2023
G. Xhaka,29,Switzerland,Arsenal,15000000,Left,185,82,2022-2023
M. Gibbs-White,22,England,Wolverhampton Wanderers,12500000,Right,178,70,2022-2023
T. Cairney,31,Scotland,Fulham,4600000,Left,186,84,2022-2023
J. McArthur,34,Scotland,Crystal Palace,1900000,Right,178,66,2022-2023
C. Pulisic,23,United States,Chelsea,48000000,Right,177,69,2022-2023
D. McNeil,22,England,Everton,11500000,Left,183,70,2022-2023
S. Berge,24,Norway,Sheffield United,8000000,Right,195,96,2022-2023
B. Traoré,26,Burkina Faso,Aston Villa,9000000,Left,181,73,2022-2023
H. Reed,27,England,Fulham,6000000,Right,175,72,2022-2023
Héctor Bellerín,27,Spain,Arsenal,18500000,Right,178,74,2022-2023
K. Mbabu,27,Switzerland,Fulham,10000000,Right,184,83,2022-2023
22 C. Kouyaté,31,Senegal,Crystal Palace,7500000,Right,189,83,2022-2023
C. Wilson,30,England,Newcastle United,17000000,Right,180,66,2022-2023
V. Lindelöf,27,Sweden,Manchester United,21000000,Right,187,80,2022-2023
T. Davies,24,England,Everton,7500000,Right,180,70,2022-2023
P. Mpanzu,28,Congo DR,Luton Town,1600000,Right,175,74,2022-2023
18 P. Evra,36,France,West Ham United,775000,Left,174,75,2022-2023
A. Townsend,30,England,Everton,7000000,Left,175,73,2022-2023
A. Wan-Bissaka,24,England,Manchester United,26500000,Right,183,72,2022-2023
F. Guilbert,27,France,Aston Villa,15000000,Right,178,78,2022-2023
14 R. Giggs,39,Wales,Manchester United,1000,Left,179,71,2022-2023
M. Elneny,29,Egypt,Arsenal,6500000,Right,179,72,2022-2023
E. Eze,24,England,Crystal Palace,11500000,Right,178,67,2022-2023
D. Calvert-Lewin,25,England,Everton,29500000,Right,187,71,2022-2023
F. Onyeka,24,Nigeria,Brentford,4200000,Right,183,70,2022-2023
O. Mangala,24,Belgium,Nottingham Forest,8500000,Right,178,80,2022-2023
M. Olise,20,France,Crystal Palace,16500000,Left,178,68,2022-2023
J. Murphy,27,England,Newcastle United,3200000,Right,179,74,2022-2023
N. Clyne,31,England,Crystal Palace,3100000,Right,175,67,2022-2023
Adama Traoré,26,Spain,Wolverhampton Wanderers,20500000,Right,178,86,2022-2023
N. Maupay,25,France,Brighton & Hove Albion,9500000,Right,173,69,2022-2023
C. Hudson-Odoi,21,England,Chelsea,21500000,Right,177,79,2022-2023
Cafú,29,Portugal,Nottingham Forest,1200000,Right,185,82,2022-2023
D. Undav,25,Germany,Brighton & Hove Albion,14000000,Right,178,86,2022-2023
H. Maguire,29,England,Manchester United,24000000,Right,194,100,2022-2023
L. O'Brien,23,England,Nottingham Forest,6000000,Left,173,63,2022-2023
C. Coady,29,England,Everton,14500000,Right,186,80,2022-2023
Sergi Canós,25,Spain,Brentford,2900000,Right,175,66,2022-2023
Diego Carlos,29,Brazil,Aston Villa,30500000,Right,185,86,2022-2023
W. Hughes,27,England,Crystal Palace,6500000,Left,185,74,2022-2023
K. Mitoma,25,Japan,Brighton & Hove Albion,5500000,Right,178,71,2022-2023
A. Saint-Maximin,25,France,Newcastle United,32500000,Right,173,67,2022-2023
Gabriel Martinelli,21,Brazil,Arsenal,31500000,Right,178,75,2022-2023
S. Longstaff,24,England,Newcastle United,6500000,Right,180,65,2022-2023
M. Caicedo,20,Ecuador,Brighton & Hove Albion,3800000,Right,178,71,2022-2023
J. Garner,21,England,Manchester United,5000000,Right,182,80,2022-2023
S. Benrahma,26,Algeria,West Ham United,15500000,Right,172,67,2022-2023
Rúben Vinagre,23,Portugal,Everton,6500000,Left,174,71,2022-2023
R. Varane,29,France,Manchester United,39000000,Right,191,81,2022-2023
M. Targett,26,England,Newcastle United,12000000,Left,183,70,2022-2023
J. Cork,33,England,Burnley,2100000,Right,184,75,2022-2023
C. Chambers,27,England,Aston Villa,5500000,Right,182,77,2022-2023
J. Riedewald,25,Netherlands,Crystal Palace,4500000,Left,182,79,2022-2023
G. Scamacca,23,Italy,West Ham United,33500000,Right,195,85,2022-2023
J. Matip,30,Cameroon,Liverpool,34500000,Right,194,90,2022-2023
A. Onana,20,Belgium,Everton,8500000,Right,195,76,2022-2023
N. Aguerd,26,Morocco,West Ham United,24500000,Left,188,76,2022-2023
Hwang Hee Chan,26,Korea Republic,Wolverhampton Wanderers,12500000,Right,177,77,2022-2023
22 P. Zinckernagel,26,Denmark,Nottingham Forest,4600000,Right,175,70,2022-2023
Rúben Dias,25,Portugal,Manchester City,107500000,Right,187,82,2022-2023
B. Williams,21,England,Manchester United,4400000,Right,182,63,2022-2023
K. Zouma,27,France,West Ham United,22500000,Right,190,95,2022-2023
J. Rodriguez,32,England,Burnley,3400000,Right,185,84,2022-2023
S. Twine,22,England,Burnley,3800000,Right,174,69,2022-2023
R. Aït Nouri,21,France,Wolverhampton Wanderers,16000000,Left,180,70,2022-2023
M. Sarr,23,France,Chelsea,7000000,Left,182,75,2022-2023
H. Lansbury,31,England,Luton Town,825000,Right,183,85,2022-2023
C. Wood,30,New Zealand,Newcastle United,7500000,Right,191,92,2022-2023
C. Roberts,26,Wales,Burnley,7000000,Right,175,76,2022-2023
C. Romero,24,Argentina,Tottenham Hotspur,49500000,Right,185,79,2022-2023
A. El Ghazi,27,Netherlands,Aston Villa,6000000,Right,188,90,2022-2023
A. Hickey,20,Scotland,Brentford,12000000,Right,175,72,2022-2023
D. Welbeck,31,England,Brighton & Hove Albion,4800000,Right,185,73,2022-2023
A. Palaversa,22,Croatia,Manchester City,3600000,Right,187,77,2022-2023
N. Chalobah,27,England,Fulham,3300000,Right,187,80,2022-2023
21 Bernard,27,Brazil,Everton,8000000,Right,164,60,2022-2023
J. Bogle,21,England,Sheffield United,6500000,Right,178,69,2022-2023
N. Kebano,30,Congo DR,Fulham,2900000,Right,170,65,2022-2023
A. Robinson,24,United States,Fulham,5500000,Left,183,70,2022-2023
J. Veltman,30,Netherlands,Brighton & Hove Albion,11500000,Right,184,75,2022-2023
S. Baptiste,24,Grenada,Brentford,2200000,Right,175,67,2022-2023
P. Sarr,19,Senegal,Tottenham Hotspur,4000000,Right,184,70,2022-2023
A. Knockaert,30,France,Fulham,1300000,Left,172,69,2022-2023
M. Solomon,22,Israel,Fulham,17000000,Right,170,67,2022-2023
K. Tete,26,Netherlands,Fulham,4800000,Right,180,71,2022-2023
L. Freeman,30,England,Luton Town,1300000,Left,172,73,2022-2023
M. Batshuayi,28,Belgium,Chelsea,11000000,Right,185,78,2022-2023
Ivan Cavaleiro,28,Portugal,Fulham,2400000,Right,175,73,2022-2023
M. Niakhaté,26,France,Nottingham Forest,15500000,Left,190,85,2022-2023
R. Henry,24,England,Brentford,7000000,Left,170,66,2022-2023
S. Alzate,23,Colombia,Brighton & Hove Albion,3700000,Right,180,75,2022-2023
M. Holgate,25,England,Everton,6500000,Right,184,75,2022-2023
11 R. Pires,36,France,Aston Villa,0,Right,187,80,2022-2023
S. Ghoddos,28,Iran,Brentford,1200000,Right,177,79,2022-2023
Fábio Vieira,22,Portugal,Arsenal,23500000,Left,176,61,2022-2023
Daniel Podence,26,Portugal,Wolverhampton Wanderers,16500000,Right,165,58,2022-2023
M. Longstaff,22,England,Newcastle United,2300000,Right,171,65,2022-2023
22 A. Lennon,34,England,Burnley,2000000,Right,165,63,2022-2023
C. Lenglet,27,France,Tottenham Hotspur,16000000,Left,186,81,2022-2023
J. Andersen,26,Denmark,Crystal Palace,12000000,Right,192,90,2022-2023
J. Onomah,25,England,Fulham,1900000,Right,185,70,2022-2023
F. Andone,29,Romania,Brighton & Hove Albion,1600000,Right,180,78,2022-2023
H. Toffolo,26,England,Nottingham Forest,2800000,Left,183,71,2022-2023
M. Nakamba,28,Zimbabwe,Aston Villa,5500000,Left,178,71,2022-2023
B. Rahman,27,Ghana,Chelsea,1500000,Left,180,72,2022-2023
B. Gilmour,21,Scotland,Chelsea,5000000,Right,170,66,2022-2023
O. Skipp,21,England,Tottenham Hotspur,20000000,Right,175,70,2022-2023
R. Yates,24,England,Nottingham Forest,4400000,Right,190,77,2022-2023
T. Mings,29,England,Aston Villa,12000000,Left,196,77,2022-2023
E. Konsa,24,England,Aston Villa,32500000,Right,183,77,2022-2023
Y. Wissa,25,Congo DR,Brentford,6500000,Right,176,74,2022-2023
H. White,20,England,Tottenham Hotspur,1500000,Left,178,70,2022-2023
D. Gray,26,England,Everton,12500000,Right,183,75,2022-2023
I. Maatsen,20,Netherlands,Burnley,3700000,Left,168,57,2022-2023
Pedro Neto,22,Portugal,Wolverhampton Wanderers,28500000,Left,172,62,2022-2023
J. Tarkowski,29,England,Everton,14500000,Right,188,81,2022-2023
T. Tomiyasu,23,Japan,Arsenal,26000000,Right,188,84,2022-2023
B. Godfrey,24,England,Everton,22000000,Right,183,79,2022-2023
Manquillo,28,Spain,Newcastle United,3800000,Right,178,76,2022-2023
22 Juan Mata,33,Spain,Manchester United,4700000,Left,170,63,2022-2023
W. Saliba,21,France,Arsenal,40000000,Right,192,85,2022-2023
T. Awoniyi,24,Nigeria,Nottingham Forest,14500000,Right,183,85,2022-2023
J. Lewis,24,Northern Ireland,Newcastle United,3300000,Left,178,70,2022-2023
J. Lolley,29,England,Nottingham Forest,1200000,Left,178,72,2022-2023
E. Smith Rowe,21,England,Arsenal,43000000,Right,182,72,2022-2023
B. Johnson,21,Wales,Nottingham Forest,12500000,Right,181,71,2022-2023
T. Lamptey,21,England,Brighton & Hove Albion,12000000,Right,163,62,2022-2023
A. Elanga,20,Sweden,Manchester United,9500000,Right,178,75,2022-2023
A. Gordon,21,England,Everton,12500000,Right,183,74,2022-2023
K. Ajer,24,Norway,Brentford,11500000,Right,196,94,2022-2023
K. Kozłowski,18,Poland,Brighton & Hove Albion,3100000,Right,178,68,2022-2023
E. Laird,20,England,Manchester United,3700000,Right,177,66,2022-2023
F. Downes,23,England,West Ham United,2300000,Right,173,70,2022-2023
T. Doyle,20,England,Sheffield United,2100000,Right,179,72,2022-2023
A. Mitrović,27,Serbia,Fulham,16500000,Right,189,90,2022-2023
J. Tanganga,23,England,Tottenham Hotspur,9000000,Right,180,73,2022-2023
H. Arter,32,Republic of Ireland,Nottingham Forest,475000,Left,176,70,2022-2023
J. Clark,28,England,Luton Town,1400000,Right,176,73,2022-2023
M. Lowe,25,England,Sheffield United,3200000,Left,175,74,2022-2023
G. Baldock,29,Greece,Sheffield United,1600000,Right,175,67,2022-2023
C. Ronan,24,Republic of Ireland,Wolverhampton Wanderers,2000000,Right,170,70,2022-2023
E. Anderson,19,Scotland,Newcastle United,2600000,Right,179,63,2022-2023
E. Ampadu,21,Wales,Chelsea,6000000,Right,183,78,2022-2023
J. Gomez,25,England,Liverpool,34000000,Right,188,77,2022-2023
K. Lewis-Potter,21,England,Brentford,4200000,Right,170,67,2022-2023
J. Ward,32,England,Crystal Palace,2900000,Right,188,83,2022-2023
T. Mitchell,22,England,Crystal Palace,14500000,Left,180,70,2022-2023
A. Iwobi,26,Nigeria,Everton,6500000,Right,185,75,2022-2023
A. Tuanzebe,24,England,Manchester United,5500000,Right,185,75,2022-2023
M. Keane,29,England,Everton,16000000,Right,191,82,2022-2023
P. Dummett,30,Wales,Newcastle United,2600000,Left,183,82,2022-2023
21 K. LuaLua,29,Congo DR,Luton Town,1400000,Right,180,77,2022-2023
C. Coventry,22,Republic of Ireland,West Ham United,1900000,Right,177,65,2022-2023
K. Koulibaly,31,Senegal,Chelsea,54500000,Right,187,89,2022-2023
J. Colback,32,England,Nottingham Forest,925000,Left,177,77,2022-2023
G. Biancone,22,France,Nottingham Forest,3300000,Right,187,79,2022-2023
Fábio Carvalho,19,Portugal,Liverpool,7000000,Right,175,66,2022-2023
E. Stevens,31,Republic of Ireland,Sheffield United,1400000,Left,183,78,2022-2023
T. Chalobah,22,England,Chelsea,11000000,Right,191,84,2022-2023
D. Sánchez,26,Colombia,Tottenham Hotspur,18000000,Right,187,81,2022-2023
T. Chong,22,Netherlands,Manchester United,3600000,Left,185,75,2022-2023
R. Nelson,22,England,Arsenal,6000000,Right,175,71,2022-2023
S. Rondón,32,Venezuela,Everton,3400000,Right,186,86,2022-2023
O. Richards,24,England,Nottingham Forest,4300000,Left,174,70,2022-2023
B. Mee,32,England,Brentford,9000000,Left,180,82,2022-2023
E. Bailly,28,Côte d'Ivoire,Manchester United,7000000,Right,186,77,2022-2023
T. Ream,34,United States,Fulham,525000,Left,186,80,2022-2023
B. Johnson,22,England,West Ham United,9000000,Right,180,69,2022-2023
11 G. Neville,35,England,Manchester United,0,Right,179,79,2022-2023
J. Bree,24,England,Luton Town,2500000,Right,178,74,2022-2023
E. Adebayo,24,England,Luton Town,3400000,Right,193,89,2022-2023
J. Mateta,25,France,Crystal Palace,10000000,Right,192,88,2022-2023
V. Mykolenko,23,Ukraine,Everton,14500000,Left,180,71,2022-2023
H. Dervişoğlu,22,Turkey,Brentford,3800000,Right,183,76,2022-2023
B. White,24,England,Arsenal,32500000,Right,185,77,2022-2023
N. Williams,21,Wales,Nottingham Forest,4000000,Right,183,72,2022-2023
M. Guéhi,21,England,Crystal Palace,29500000,Right,182,82,2022-2023
M. Kilman,25,England,Wolverhampton Wanderers,14500000,Left,194,89,2022-2023
K. Davis,24,England,Aston Villa,3600000,Left,191,88,2022-2023
Toti Gomes,23,Portugal,Wolverhampton Wanderers,2600000,Left,187,83,2022-2023
F. Pellistri,20,Uruguay,Manchester United,3800000,Right,175,65,2022-2023
Léo Bonatini,28,Brazil,Wolverhampton Wanderers,1000000,Right,185,82,2022-2023
Vitinho,22,Brazil,Burnley,2600000,Right,175,73,2022-2023
Bryan Gil,21,Spain,Tottenham Hotspur,23500000,Left,175,65,2022-2023
22 R. Vilca,22,Peru,Newcastle United,1300000,Right,175,68,2022-2023
I. Konaté,23,France,Liverpool,48000000,Right,194,95,2022-2023
S. Botman,22,Netherlands,Newcastle United,31000000,Left,193,81,2022-2023
Rodrigo Muniz,21,Brazil,Fulham,3600000,Right,185,79,2022-2023
22 K. Mainoo,16,England,Manchester United,1200000,Right,175,80,2022-2023
A. Broja,20,Albania,Chelsea,12500000,Right,191,75,2022-2023
C. Woodrow,27,England,Luton Town,1600000,Right,184,74,2022-2023
J. Egan,29,Republic of Ireland,Sheffield United,3500000,Right,185,75,2022-2023
K. Hause,26,England,Aston Villa,6000000,Left,191,77,2022-2023
Gabriel,24,Brazil,Arsenal,37000000,Left,190,87,2022-2023
C. Palmer,20,England,Manchester City,2700000,Left,189,74,2022-2023
I. Kaboré,21,Burkina Faso,Manchester City,4000000,Right,180,70,2022-2023
M. Roerslev,23,Denmark,Brentford,2100000,Right,184,67,2022-2023
C. Jerome,35,England,Luton Town,375000,Right,185,85,2022-2023
H. Elliott,19,England,Liverpool,7000000,Left,170,67,2022-2023
T. Kongolo,28,Netherlands,Fulham,1300000,Left,188,70,2022-2023
D. Spence,21,England,Tottenham Hotspur,12000000,Right,184,71,2022-2023
22 L. Grabban,33,England,Nottingham Forest,1000000,Right,183,78,2022-2023
Marquinhos,19,Brazil,Arsenal,7000000,Left,183,77,2022-2023
E. Nketiah,23,England,Arsenal,6000000,Right,180,73,2022-2023
A. Ahmedhodžić,23,Bosnia and Herzegovina,Sheffield United,4900000,Right,195,84,2022-2023
R. Norrington-Davies,23,Wales,Sheffield United,2600000,Left,181,70,2022-2023
J. van Hecke,22,Netherlands,Brighton & Hove Albion,3900000,Right,185,78,2022-2023
21 G. Murray,36,England,Nottingham Forest,650000,Right,183,80,2022-2023
20 C. McCann,17,Republic of Ireland,Manchester United,240000,Right,175,65,2022-2023
N. Patterson,20,Scotland,Everton,2000000,Right,183,66,2022-2023
Chiquinho,22,Portugal,Wolverhampton Wanderers,3400000,Right,179,72,2022-2023
M. Fossey,23,United States,Fulham,1600000,Right,179,77,2022-2023
P. Cutrone,24,Italy,Wolverhampton Wanderers,3600000,Right,183,79,2022-2023
L. Taylor,32,Montserrat,Nottingham Forest,1100000,Right,188,79,2022-2023
R. Holding,26,England,Arsenal,11500000,Right,189,75,2022-2023
S. Surridge,23,England,Nottingham Forest,3000000,Right,191,77,2022-2023
H. Mejbri,19,Tunisia,Manchester United,1600000,Right,182,70,2022-2023
J. Cain,20,England,Liverpool,875000,Right,176,62,2022-2023
A. Ogbonna,34,Italy,West Ham United,5500000,Left,191,86,2022-2023
Y. Mina,27,Colombia,Everton,11000000,Right,195,94,2022-2023
22 J. Oksanen,20,Finland,Brentford,1000000,Left,184,72,2022-2023
L. Colwill,19,England,Brighton & Hove Albion,3500000,Left,191,83,2022-2023
22 L. Hall,16,England,Chelsea,700000,Left,180,72,2022-2023
C. Chukwuemeka,18,England,Chelsea,1900000,Right,185,70,2022-2023
H. Cornick,27,England,Luton Town,1900000,Right,180,84,2022-2023
D. Sarmiento,19,Argentina,Manchester City,2400000,Left,170,60,2022-2023
D. Sterling,22,England,Chelsea,2600000,Right,180,72,2022-2023
K. Kesler Hayden,19,England,Aston Villa,2300000,Right,175,62,2022-2023
N. Nkounkou,21,France,Everton,2000000,Left,180,78,2022-2023
M. Azeez,19,England,Arsenal,1200000,Right,180,65,2022-2023
19 M. Richards,30,England,Aston Villa,675000,Right,180,83,2022-2023
A. Webster,27,England,Brighton & Hove Albion,8500000,Right,191,75,2022-2023
T. Akinola,21,England,Arsenal,925000,Right,177,73,2022-2023
C. Archer,20,England,Aston Villa,3500000,Right,179,74,2022-2023
A. Diallo,19,Côte d'Ivoire,Manchester United,3600000,Left,173,72,2022-2023
B. Norton-Cuffy,18,England,Arsenal,1600000,Right,181,70,2022-2023
S. van den Berg,20,Netherlands,Liverpool,3800000,Right,194,78,2022-2023
R. Brewster,22,England,Sheffield United,3200000,Right,180,75,2022-2023
P. Jones,30,England,Manchester United,2500000,Right,185,71,2022-2023
I. Diop,25,France,West Ham United,14000000,Right,194,92,2022-2023
J. Olayinka,21,England,Arsenal,600000,Right,175,68,2022-2023
22 M. Hector,28,Jamaica,Fulham,1800000,Right,193,82,2022-2023
T. Lockyer,27,Wales,Luton Town,1700000,Right,185,72,2022-2023
T. Iroegbunam,19,England,Aston Villa,1100000,Right,183,70,2022-2023
D. Burn,30,England,Newcastle United,8500000,Left,198,87,2022-2023
M. Rogers,19,England,Manchester City,2200000,Right,187,80,2022-2023
C. Morris,26,England,Luton Town,1600000,Right,185,85,2022-2023
D. Potts,28,England,Luton Town,925000,Left,178,70,2022-2023
I. Ndiaye,22,Senegal,Sheffield United,3100000,Right,180,70,2022-2023
S. Jasper,21,Bulgaria,Fulham,1600000,Right,172,71,2022-2023
J. O'Connell,28,England,Sheffield United,2400000,Left,191,85,2022-2023
C. Richards,22,United States,Crystal Palace,9000000,Right,188,87,2022-2023
P. Jansson,31,Sweden,Brentford,3800000,Right,194,86,2022-2023
22 T. O'Reilly,17,Republic of Ireland,Aston Villa,375000,Left,170,63,2022-2023
T. Harwood-Bellis,20,England,Burnley,3200000,Right,188,73,2022-2023
Bruno Jordão,23,Portugal,Wolverhampton Wanderers,875000,Right,180,73,2022-2023
F. Stevanović,19,Serbia,Manchester City,1200000,Right,178,72,2022-2023
M. Clarke,25,England,Brighton & Hove Albion,2900000,Left,185,83,2022-2023
D. Bernard,21,England,Manchester United,2900000,Right,189,81,2022-2023
22 H. Vale,17,England,Chelsea,1300000,Left,180,68,2022-2023
22 Marc Jurado,17,Spain,Manchester United,775000,Right,178,65,2022-2023
L. Cundle,20,England,Wolverhampton Wanderers,650000,Right,170,62,2022-2023
T. Francois,21,Australia,Fulham,725000,Left,173,65,2022-2023
D. Jebbison,18,England,Sheffield United,1700000,Right,190,78,2022-2023
S. Shoretire,18,England,Manchester United,1500000,Right,175,70,2022-2023
T. Mengi,20,England,Manchester United,2300000,Right,183,78,2022-2023
22 Z. Iqbal,18,Iraq,Manchester United,825000,Right,181,65,2022-2023
K. John,21,England,Everton,1100000,Right,176,68,2022-2023
22 E. Dixon-Bonner,20,England,Liverpool,475000,Right,180,75,2022-2023
M. Peart-Harris,19,England,Brentford,950000,Right,187,70,2022-2023
T. Adarabioyo,24,England,Fulham,11500000,Right,196,80,2022-2023
22 C. Cîrjan,18,Romania,Arsenal,1000000,Right,174,60,2022-2023
22 C. Wellens,18,England,Manchester United,600000,Right,175,61,2022-2023
M. Moreno,25,Colombia,Manchester City,1600000,Right,171,66,2022-2023
22 I. Hansen-Aarøen,16,Norway,Manchester United,775000,Right,173,65,2022-2023
22 J. Turner-Cooke,17,England,Newcastle United,500000,Left,179,63,2022-2023
19 P. Crouch,37,England,Burnley,900000,Right,201,75,2022-2023
A. Devine,17,England,Tottenham Hotspur,775000,Right,180,70,2022-2023
N. Collins,21,Republic of Ireland,Wolverhampton Wanderers,10500000,Right,193,81,2022-2023
N. Ferguson,21,England,Crystal Palace,2300000,Right,178,70,2022-2023
C. Campbell,19,Wales,Wolverhampton Wanderers,625000,Right,180,72,2022-2023
22 C. Musonda,24,Belgium,Chelsea,3000000,Right,173,66,2022-2023
22 S. Oulad M'Hand,17,Netherlands,Arsenal,825000,Right,177,69,2022-2023
22 O. Hutchinson,17,England,Arsenal,1500000,Left,174,65,2022-2023
S. Muñoz,19,Mexico,Newcastle United,2000000,Right,179,67,2022-2023
M. Ebiowei,18,England,Crystal Palace,1700000,Left,185,80,2022-2023
J. Sarmiento,20,Ecuador,Brighton & Hove Albion,2100000,Right,183,73,2022-2023
J. White,19,England,Newcastle United,525000,Left,186,70,2022-2023
F. Stevens,19,Wales,Brentford,900000,Right,173,73,2022-2023
22 H. Lindley,18,England,Aston Villa,350000,Right,182,70,2022-2023
L. Plange,19,England,Crystal Palace,2000000,Right,183,76,2022-2023
Hugo Bueno,19,Spain,Wolverhampton Wanderers,600000,Left,180,73,2022-2023
S. Duffy,30,Republic of Ireland,Fulham,3500000,Right,193,76,2022-2023
K. Phillips,20,Republic of Ireland,Crystal Palace,500000,Right,190,85,2022-2023
21 B. Carroll,18,England,Everton,325000,Right,176,62,2022-2023
22 C. Savage,18,Wales,Manchester United,600000,Left,182,63,2022-2023
A. Robertson,19,England,Manchester City,575000,Right,180,66,2022-2023
J. McAtee,19,England,Sheffield United,1000000,Left,180,72,2022-2023
J. Wells-Morrison,18,England,Crystal Palace,450000,Left,180,73,2022-2023
22 Alejandro Garnacho,17,Argentina,Manchester United,1500000,Right,180,70,2022-2023
22 B. Hardley,18,Netherlands,Manchester United,1000000,Left,189,74,2022-2023
Ederson,28,Brazil,Manchester City,88000000,Left,188,86,2022-2023
22 G. McEachran,20,England,Chelsea,600000,Left,172,65,2022-2023
22 O. Hesketh,18,Wales,Wolverhampton Wanderers,275000,Right,180,67,2022-2023
22 Joel López,19,Spain,Arsenal,825000,Left,179,70,2022-2023
H. Ashby,20,Scotland,West Ham United,925000,Right,180,75,2022-2023
K. Appiah-Forson,20,England,West Ham United,350000,Right,170,64,2022-2023
22 L. de Bolle,18,Scotland,Newcastle United,575000,Right,179,66,2022-2023
B. Young,19,England,Aston Villa,950000,Right,185,73,2022-2023
Pablo Marí,28,Spain,Arsenal,5500000,Left,193,87,2022-2023
22 S. McAllister,18,Northern Ireland,Everton,575000,Right,180,75,2022-2023
L. Delap,19,England,Manchester City,2200000,Right,186,80,2022-2023
G. Osho,23,England,Luton Town,1900000,Right,185,70,2022-2023
R. Burke,25,England,Luton Town,1600000,Right,189,81,2022-2023
E. Longelo,21,England,West Ham United,525000,Left,181,70,2022-2023
22 L. Bogarde,17,Netherlands,Aston Villa,525000,Right,183,70,2022-2023
O. Dodgson,19,England,Burnley,500000,Left,178,70,2022-2023
22 T. Adaramola,17,Republic of Ireland,Crystal Palace,475000,Left,177,69,2022-2023
22 M. Paskotši,18,Estonia,Tottenham Hotspur,600000,Right,182,76,2022-2023
Kayky,19,Brazil,Manchester City,2400000,Left,175,67,2022-2023
22 D. Gore,16,England,Manchester United,500000,Right,173,65,2022-2023
22 J. Hodge,18,Republic of Ireland,Wolverhampton Wanderers,325000,Right,172,65,2022-2023
J. Enciso,18,Paraguay,Brighton & Hove Albion,1300000,Right,168,64,2022-2023
L. Watson,20,Republic of Ireland,Luton Town,875000,Right,176,60,2022-2023
22 C. Webster,17,England,Chelsea,450000,Right,178,73,2022-2023
L. Matheson,19,England,Wolverhampton Wanderers,600000,Right,168,62,2022-2023
F. Fernández,33,Argentina,Newcastle United,2000000,Right,190,83,2022-2023
22 L. Pye,17,England,Manchester United,550000,Left,178,72,2022-2023
22 J. Giddings,19,England,Crystal Palace,500000,Right,177,75,2022-2023
S. McKenna,25,Scotland,Nottingham Forest,4000000,Left,189,80,2022-2023
M. Sørensen,23,Denmark,Brentford,2900000,Left,193,92,2022-2023
22 J. Bennett,19,England,Tottenham Hotspur,1500000,Right,180,75,2022-2023
22 R. Thomson,17,Scotland,Newcastle United,350000,Left,173,66,2022-2023
22 C. McNeill,17,England,Manchester United,1300000,Right,182,74,2022-2023
J. Stansfield,19,England,Fulham,1300000,Right,182,68,2022-2023
22 D. Hoogewerf,18,Netherlands,Manchester United,625000,Right,165,60,2022-2023
22 N. Emeran,18,France,Manchester United,575000,Left,179,67,2022-2023
22 D. Williams,17,England,Chelsea,725000,Left,170,64,2022-2023
22 T. Collyer,17,England,Manchester United,575000,Right,180,75,2022-2023
22 B. Cottrell,19,England,Arsenal,525000,Left,166,59,2022-2023
18 P. Mertesacker,32,Germany,Arsenal,8500000,Right,198,90,2022-2023
J. Lascelles,28,England,Newcastle United,5500000,Right,188,83,2022-2023
22 A. Moran,17,Republic of Ireland,Brighton & Hove Albion,500000,Right,177,73,2022-2023
D. Costelloe,19,Republic of Ireland,Burnley,1000000,Right,181,74,2022-2023
22 A. Mawson,27,England,Fulham,1700000,Right,189,90,2022-2023
A. Mighten,20,England,Nottingham Forest,2500000,Right,172,70,2022-2023
B. Chrisene,18,England,Aston Villa,625000,Left,183,80,2022-2023
22 Z. Brunt,19,England,Sheffield United,475000,Right,175,70,2022-2023
M. Helm,20,England,Burnley,450000,Right,178,70,2022-2023
N. Phillips,25,England,Liverpool,3600000,Right,190,84,2022-2023
J. Rak-Sakyi,19,England,Crystal Palace,1000000,Left,178,73,2022-2023
21 W. Rickard,18,Wales,Burnley,300000,Right,177,77,2022-2023
22 J. Fevrier,18,England,West Ham United,300000,Left,175,71,2022-2023
22 A. Tanimowo,19,England,Brighton & Hove Albion,375000,Right,176,73,2022-2023
22 F. Maguire,17,England,Sheffield United,400000,Right,175,72,2022-2023
P. Glatzel,21,Germany,Liverpool,375000,Left,174,67,2022-2023
A. Konaté,21,France,Nottingham Forest,800000,Right,179,66,2022-2023
22 J. Ideho,17,Netherlands,Arsenal,1000000,Right,175,70,2022-2023
22 I. Jagne,17,Sweden,Everton,325000,Right,180,75,2022-2023
C. Goode,26,England,Brentford,1100000,Right,196,75,2022-2023
J. Worrall,25,England,Nottingham Forest,6000000,Right,190,90,2022-2023
O. Hammond,19,England,Nottingham Forest,275000,Right,179,64,2022-2023
22 S. Mather,16,England,Manchester United,700000,Right,180,65,2022-2023
21 I. Diallo,20,England,Burnley,275000,Right,177,77,2022-2023
A. Okoflex,20,Republic of Ireland,West Ham United,650000,Right,186,72,2022-2023
09 O. Dacourt,33,France,Fulham,0,Right,178,73,2022-2023
P. Ekwah Elimby,20,France,West Ham United,500000,Left,187,76,2022-2023
J. Pickford,28,England,Everton,26000000,Left,185,77,2022-2023
H. Birtwistle,18,Singapore,Wolverhampton Wanderers,300000,Right,180,77,2022-2023
22 T. Nevers,19,England,West Ham United,575000,Right,179,66,2022-2023
L. McNally,22,Republic of Ireland,Burnley,2100000,Right,193,86,2022-2023
C. Egan-Riley,19,England,Burnley,1100000,Right,183,75,2022-2023
22 G. Lewis,21,Norway,Arsenal,550000,Right,170,63,2022-2023
F. Potts,18,England,West Ham United,300000,Right,180,70,2022-2023
22 S. Edozie,18,England,Manchester City,1100000,Right,167,71,2022-2023
22 D. Stephenson,18,England,Newcastle United,575000,Right,183,73,2022-2023
22 L. Mbete,17,England,Manchester City,1000000,Left,185,78,2022-2023
T. Ablade,20,Finland,Fulham,550000,Right,181,75,2022-2023
22 C. Stanley,19,England,Manchester United,450000,Right,175,66,2022-2023
22 J. Wilson-Esbrand,18,England,Manchester City,550000,Left,176,65,2022-2023
22 E. Ennis,16,England,Manchester United,550000,Right,178,76,2022-2023
S. Bradley,30,England,Luton Town,1300000,Left,196,90,2022-2023
A. Odubeko,19,Republic of Ireland,West Ham United,850000,Right,182,72,2022-2023
J. Norris,19,England,Liverpool,600000,Left,178,73,2022-2023
22 J. Hodnett,18,England,Wolverhampton Wanderers,110000,Right,168,62,2022-2023
L. Richardson,19,England,Burnley,775000,Right,179,70,2022-2023
D. Lembikisa,18,Jamaica,Wolverhampton Wanderers,300000,Left,177,68,2022-2023
22 J. Hugill,17,England,Manchester United,1000000,Right,188,70,2022-2023
22 V. Adedokun,18,Republic of Ireland,Brentford,240000,Left,180,69,2022-2023
22 W. Kambwala,16,France,Manchester United,575000,Right,192,77,2022-2023
K. Gordon,17,England,Liverpool,1200000,Left,173,65,2022-2023
A. Gilbert,20,Republic of Ireland,Brentford,500000,Right,183,64,2022-2023
20 A. El Mhassani,18,Netherlands,West Ham United,250000,Left,173,70,2022-2023
22 M. Bondswell,19,England,Newcastle United,475000,Left,183,77,2022-2023
Christian Marques,19,Portugal,Wolverhampton Wanderers,550000,Right,187,75,2022-2023
22 J. Scott,18,England,Newcastle United,400000,Left,180,67,2022-2023
22 A. Diallo,18,England,West Ham United,325000,Right,173,63,2022-2023
E. Ferguson,17,Republic of Ireland,Brighton & Hove Albion,700000,Right,177,74,2022-2023
A. Pressley,20,Scotland,Brentford,800000,Right,189,75,2022-2023
E. Martínez,29,Argentina,Aston Villa,29000000,Right,195,88,2022-2023
R. Street,20,England,Crystal Palace,550000,Right,188,70,2022-2023
22 N. Brookwell,19,England,Newcastle United,275000,Right,188,74,2022-2023
L. Mbe Soh,21,France,Nottingham Forest,1800000,Right,187,86,2022-2023
R. Savage,20,England,Newcastle United,450000,Left,185,83,2022-2023
O. Offiah,19,England,Brighton & Hove Albion,550000,Right,181,81,2022-2023
22 M. Haygarth,19,England,Brentford,400000,Left,176,64,2022-2023
20 L. Longstaff,18,England,Liverpool,190000,Left,179,63,2022-2023
22 O. Forson,16,England,Manchester United,550000,Left,179,68,2022-2023
22 L. Harkin,18,Northern Ireland,Wolverhampton Wanderers,220000,Right,165,55,2022-2023
22 T. Roberts,17,England,Wolverhampton Wanderers,300000,Right,177,70,2022-2023
22 A. Keto-Diyawa,17,England,Wolverhampton Wanderers,220000,Left,172,67,2022-2023
22 J. Barnes,20,England,Nottingham Forest,220000,Left,182,75,2022-2023
22 D. Chesters,19,England,West Ham United,400000,Right,173,68,2022-2023
Alisson,29,Brazil,Liverpool,79000000,Right,191,91,2022-2023
20 J. Walls,17,England,Liverpool,160000,Right,174,60,2022-2023
B. Thomas,21,England,Burnley,1100000,Right,191,77,2022-2023
21 C. Barrett,18,England,Burnley,275000,Right,175,70,2022-2023
22 J. Russell,19,England,Brentford,450000,Right,178,64,2022-2023
V. Akinwale,17,England,Crystal Palace,400000,Right,181,60,2022-2023
22 M. Ifill,17,England,Brighton & Hove Albion,275000,Right,176,66,2022-2023
22 W. Greenidge,19,England,West Ham United,240000,Right,182,70,2022-2023
22 C. Wiggett,18,England,Newcastle United,475000,Right,188,82,2022-2023
22 R. Bennett,17,England,Manchester United,525000,Right,187,74,2022-2023
De Gea,31,Spain,Manchester United,42000000,Right,192,76,2022-2023
R. Trevitt,19,England,Brentford,400000,Right,170,65,2022-2023
22 J. Oliver,18,England,Newcastle United,350000,Right,178,67,2022-2023
I. Price,18,Northern Ireland,Everton,150000,Right,178,74,2022-2023
22 T. Addy,19,England,Luton Town,375000,Left,182,68,2022-2023
P. Gazzaniga,30,Argentina,Fulham,2800000,Right,196,90,2022-2023
22 E. McJannet,17,Republic of Ireland,Luton Town,300000,Right,177,69,2022-2023
22 E. Turns,18,England,Brighton & Hove Albion,475000,Left,185,76,2022-2023
22 C. Ferguson,18,England,Newcastle United,425000,Left,185,79,2022-2023
D. Taylor,18,Northern Ireland,Nottingham Forest,375000,Right,180,74,2022-2023
Y. Mosquera,21,Colombia,Wolverhampton Wanderers,1400000,Right,187,76,2022-2023
S. Ortega,29,Germany,Manchester City,14500000,Right,185,88,2022-2023
H. Lloris,35,France,Tottenham Hotspur,9000000,Left,188,82,2022-2023
22 Z. Monlouis,17,England,Arsenal,525000,Right,185,75,2022-2023
A. Ramsdale,24,England,Arsenal,34500000,Right,191,77,2022-2023
22 W. Fish,18,England,Manchester United,550000,Right,185,73,2022-2023
22 R. Hannam,20,England,Crystal Palace,300000,Left,178,67,2022-2023
M. Woltman,18,England,Liverpool,375000,Right,178,67,2022-2023
Z. Larkeche,19,France,Fulham,400000,Left,180,67,2022-2023
22 L. Dendoncker,20,Belgium,Brighton & Hove Albion,325000,Right,188,78,2022-2023
22 D. Revan,20,England,Aston Villa,675000,Right,192,81,2022-2023
22 B. Cross,20,South Africa,Newcastle United,375000,Left,183,77,2022-2023
22 Mateo Mejía,18,Spain,Manchester United,525000,Right,188,72,2022-2023
Guaita,35,Spain,Crystal Palace,1900000,Right,190,80,2022-2023
22 C. Carty,19,Republic of Ireland,Wolverhampton Wanderers,200000,Right,184,73,2022-2023
22 J. Hubner,17,Netherlands,Wolverhampton Wanderers,250000,Right,185,75,2022-2023
22 J. Brooking,18,England,Chelsea,650000,Right,185,77,2022-2023
22 J. Larsson,20,Sweden,Nottingham Forest,350000,Right,178,72,2022-2023
Gonçalo Cardoso,21,Portugal,West Ham United,1200000,Left,189,83,2022-2023
22 N. Carlyon,18,England,Newcastle United,230000,Right,180,69,2022-2023
A. Areola,29,France,West Ham United,20000000,Right,195,94,2022-2023
J. Baptiste,18,England,West Ham United,500000,Right,183,75,2022-2023
O. Tipton,18,England,Wolverhampton Wanderers,170000,Right,185,74,2022-2023
A. Hackford,18,England,Sheffield United,575000,Right,177,68,2022-2023
22 A. Kirk,18,England,Arsenal,450000,Right,187,78,2022-2023
22 A. Tsoungui,18,Belgium,Brighton & Hove Albion,600000,Right,185,87,2022-2023
W. Osula,18,Denmark,Sheffield United,325000,Left,180,75,2022-2023
David Raya,26,Spain,Brentford,7000000,Right,183,75,2022-2023
22 S. Beckwith,19,England,Luton Town,110000,Left,183,68,2022-2023
20 H. Ogunby,18,England,Burnley,160000,Right,175,71,2022-2023
22 Z. Emmerson,16,England,Brighton & Hove Albion,350000,Right,180,70,2022-2023
J. O'Brien,21,Republic of Ireland,Crystal Palace,475000,Right,197,84,2022-2023
22 Z. Awe,17,England,Arsenal,375000,Right,186,75,2022-2023
B. Lyons-Foster,21,England,Tottenham Hotspur,475000,Right,185,74,2022-2023
B. Leno,30,Germany,Fulham,14000000,Right,190,83,2022-2023
22 T. Crama,19,France,Brentford,375000,Right,192,78,2022-2023
José Sá,29,Portugal,Wolverhampton Wanderers,20000000,Right,192,84,2022-2023
22 M. Muir,18,England,Tottenham Hotspur,325000,Right,180,70,2022-2023
20 J. Joseph,17,England,Wolverhampton Wanderers,110000,Right,195,78,2022-2023
J. Butland,29,England,Crystal Palace,2100000,Right,196,95,2022-2023
22 D. Esapa Osong,16,England,Nottingham Forest,325000,Right,183,73,2022-2023
22 A. Donnelly,18,Northern Ireland,Nottingham Forest,190000,Left,178,72,2022-2023
Kepa,27,Spain,Chelsea,20500000,Right,186,88,2022-2023
22 S. Swinkels,17,Netherlands,Aston Villa,325000,Right,190,78,2022-2023
22 L. Badley-Morgan,17,England,Chelsea,275000,Left,186,79,2022-2023
22 K. Lopata,19,Poland,Sheffield United,375000,Right,192,82,2022-2023
D. Henderson,25,England,Nottingham Forest,18000000,Right,188,85,2022-2023
N. Pope,30,England,Newcastle United,17000000,Right,199,76,2022-2023
B. Peacock-Farrell,25,Northern Ireland,Burnley,1300000,Left,192,74,2022-2023
J. Feeney,17,England,Aston Villa,375000,Right,194,82,2022-2023
22 J. McGlynn,18,Scotland,Burnley,120000,Right,180,70,2022-2023
22 K. Kandola,17,England,Wolverhampton Wanderers,110000,Right,177,67,2022-2023
09 Fábio Paim,20,Portugal,Chelsea,0,Right,176,66,2022-2023
K. Darlow,31,England,Newcastle United,3000000,Right,190,88,2022-2023
22 H. Hagan,18,England,Everton,220000,Right,185,75,2022-2023
T. Heaton,36,England,Manchester United,350000,Right,188,85,2022-2023
Robert Sánchez,24,Spain,Brighton & Hove Albion,13500000,Right,197,85,2022-2023
20 A. Koutismouka,17,France,Brentford,130000,Left,191,70,2022-2023
22 A. Jones,19,England,Luton Town,130000,Right,184,76,2022-2023
S. Johnstone,29,England,Crystal Palace,4700000,Right,193,85,2022-2023
Adrián,35,Spain,Liverpool,250000,Right,190,80,2022-2023
É. Mendy,30,Senegal,Chelsea,51000000,Right,197,86,2022-2023
F. Forster,34,England,Tottenham Hotspur,1300000,Right,201,93,2022-2023
22 L. Karius,28,Germany,Liverpool,1700000,Right,189,87,2022-2023
22 R. Rama,20,Albania,Nottingham Forest,210000,Right,182,71,2022-2023
R. Olsen,32,Sweden,Aston Villa,2800000,Right,196,86,2022-2023
T. Strakosha,27,Albania,Brentford,14000000,Right,193,78,2022-2023
22 M. Thomas-Sadler,18,Wales,Nottingham Forest,170000,Right,188,75,2022-2023
M. Rodák,25,Slovakia,Fulham,6500000,Right,194,81,2022-2023
D. Randolph,35,Republic of Ireland,West Ham United,350000,Right,188,78,2022-2023
M. Turner,28,United States,Arsenal,9500000,Right,191,79,2022-2023
20 B. Tricker,18,England,Fulham,100000,Right,193,80,2022-2023
R. Rúnarsson,27,Iceland,Arsenal,1500000,Right,186,76,2022-2023
A. Murić,23,Kosovo,Burnley,4500000,Right,197,81,2022-2023
W. Hennessey,35,Wales,Nottingham Forest,475000,Right,198,90,2022-2023
19 P. Čech,36,Czech Republic,Arsenal,2400000,Left,196,90,2022-2023
C. Kelleher,23,Republic of Ireland,Liverpool,5000000,Right,188,74,2022-2023
J. Steele,31,England,Brighton & Hove Albion,375000,Right,188,79,2022-2023
22 D. Martin,35,England,West Ham United,60000,Right,188,86,2022-2023
R. Welch,18,England,Everton,275000,Right,196,94,2022-2023
18 C. Ikeme,31,Nigeria,Wolverhampton Wanderers,1100000,Right,191,100,2022-2023
M. Gillespie,30,England,Newcastle United,775000,Right,192,83,2022-2023
M. Bettinelli,30,England,Chelsea,1200000,Right,194,82,2022-2023
S. Carson,36,England,Manchester City,80000,Right,190,86,2022-2023
M. Macey,27,England,Luton Town,925000,Right,201,81,2022-2023
W. Norris,28,England,Burnley,575000,Left,195,81,2022-2023
21 D. Iliev,25,North Macedonia,Arsenal,350000,Right,196,80,2022-2023
22 W. Brown,19,England,Newcastle United,300000,Right,184,74,2022-2023
N. Trott,23,England,West Ham United,1400000,Left,188,75,2022-2023
09 I. Roper,31,England,Luton Town,0,Right,191,89,2022-2023
K. Scherpen,22,Netherlands,Brighton & Hove Albion,2000000,Right,202,85,2022-2023
M. Šarkić,24,Montenegro,Wolverhampton Wanderers,1500000,Right,195,76,2022-2023
22 P. Banda,17,Poland,Newcastle United,230000,Right,191,72,2022-2023
22 B. Winterbottom,19,England,Brentford,220000,Right,188,66,2022-2023
G. Shelvey,21,England,Nottingham Forest,250000,Right,188,77,2022-2023
22 R. Rees,19,England,Brentford,210000,Right,189,66,2022-2023
B. Austin,23,England,Tottenham Hotspur,1100000,Right,188,75,2022-2023
M. Cox,19,England,Brentford,525000,Right,182,74,2022-2023
22 Marcelo Pitaluga,18,Brazil,Liverpool,400000,Right,191,86,2022-2023
22 O. Mastný,19,Czech Republic,Manchester United,300000,Right,187,76,2022-2023
22 D. Mee,18,Northern Ireland,Manchester United,210000,Right,183,70,2022-2023
22 T. Wooster,16,England,Manchester United,230000,Right,195,85,2022-2023
22 T. Sharman-Lowe,18,England,Chelsea,210000,Right,189,80,2022-2023
J. Amissah,20,Germany,Sheffield United,170000,Right,198,97,2022-2023
20 J. Young,16,England,Wolverhampton Wanderers,70000,Right,179,75,2022-2023
S. Waller,18,England,Burnley,80000,Right,186,81,2022-2023
22 P. Arinbjörnsson,17,Iceland,Wolverhampton Wanderers,90000,Right,191,75,2022-2023
22 Á. Onódi,19,Hungary,Aston Villa,110000,Right,195,84,2022-2023
